Record_ID,Financial_Year,Date_of_Fund_Release,State,District,Department,Scheme_Name,Scheme_Code,Fund_Source,Implementing_Agency,Sanctioned_Amount_Lakhs,Fund_Released_Lakhs,Fund_Utilized_Lakhs,Utilization_Percent,Physical_Target_Units,Physical_Achievement_Units,Beneficiaries_Target,Beneficiaries_Covered,Status,Audit_Remarks,Nodal_Officer_Contact
GFU00643,2022-23,2021-08-25,West Bengal,Siliguri ,Ministry of Agriculture & Farmers Welfare,PM Kisan Samman Nidhi,PMKISAN,Central Sector,Gram Panchayat,588.66,517.65,212.25,41.0,427,38.0,4138,344.0,Delayed,Awaiting third-party audit clearance,Sunita Yadav - District Collector Office - sunita.yadav@nic.in
GFU00763,2021-22,2023-04-16,Tamil Nadu,Salem,Ministry of Agriculture & Farmers Welfare,Pradhan Mantri Fasal Bima Yojana,PMFBY,Central Sector,State Nodal Agency,88.56,44.61,27.25,61.08,367,104.0,4988,1373.0,Delayed,Material procurement in progress,Rakesh Yadav - Block Development Officer - rakesh.yadav@nic.in
GFU00910,2023-24,2023-01-31,Kerala,Thiruvananthapuram,Ministry of Health & Family Welfare,National Health Mission,NHM,Centrally Sponsored (60:40),District Panchayat / Zilla Parishad,764.59,634.28,,,6,5.0,2151,1621.0,Delayed,Utilization certificate submitted and verified,Rakesh Reddy - District Collector Office - rakesh.reddy@nic.in
GFU00200,2023-24,2024-08-29,West Bengal,Asansol,Ministry of Education,PM Poshan (Mid-Day Meal Scheme),PMPOSHAN,Centrally Sponsored (60:40),NGO / Partner Organisation,262.37,247.44,147.35,59.55,55,3.0,4122,213.0,Ongoing,Fund utilization certificate pending,Anjali Sharma - Assistant Engineer - anjali.sharma@nic.in
GFU00587,2021-22,2021-06-21,Karnataka,Belagavi,Ministry of Rural Development,Pradhan Mantri Awas Yojana - Gramin,PMAY-G,Centrally Sponsored (60:40),District Panchayat / Zilla Parishad,731.94,593.82,451.45,76.02,406,337.0,2984,2565.0,Delayed,Fund utilization certificate pending,Kavita Das - Scheme Nodal Officer - kavita.das@nic.in
GFU00798,2024-25,2021-11-06,Tamil Nadu, Madurai,Ministry of Agriculture & Farmers Welfare,PM Kisan Samman Nidhi,PMKISAN,Central Sector,State Nodal Agency,367.78,362.65,304.41,83.94,462,187.0,1779,730.0,Delayed,  Fund utilization certificate pending  ,Manoj Mishra - Scheme Nodal Officer - manoj.mishra@nic.in
GFU00653,2022-23,2023-09-12,Kerala,kozhikode,Ministry of Education,PM Poshan (Mid-Day Meal Scheme),PMPOSHAN,Centrally Sponsored (60:40),NGO / Partner Organisation,698.04,623.38,552.95,88.7,432,431.0,604,562.0,Completed,Utilization certificate submitted and verified,Ashok Reddy - Block Development Officer - ashok.reddy@nic.in
GFU00756,2023-24,2024-01-04,West Bengal,Durgapur,Ministry of Health & Family Welfare,National Health Mission,NHM,Centrally Sponsored (60:40),Gram Panchayat,46.62,45.85,35.3,76.99,221,132.0,2404,1473.0,Ongoing,Awaiting third-party audit clearance,Anjali Reddy - District Collector Office - anjali.reddy@nic.in
GFU00417,2021-22,2022-04-27,Gujarat,Bhavnagar,Ministry of Education,Samagra Shiksha Abhiyan,SS,Centrally Sponsored (60:40),State Nodal Agency,136.61,127.16,105.9,83.28,407,405.0,631,565.0,Ongoing,Beneficiary list under revision,Sunita Das - Assistant Engineer - sunita.das@nic.in
GFU00499,2021-22,2023-03-08,Tamil Nadu,Salem,Ministry of Jal Shakti,Jal Jeevan Mission,JJM,Centrally Sponsored (90:10),NGO / Partner Organisation,198.66,179.7,175.81,97.84,58,58.0,4298,4167.0,Completed,Beneficiary list under revision,Ramesh Singh - District Programme Coordinator - ramesh.singh@nic.in
GFU00515,2023-24,2023-08-17,Tamil Nadu,Salem,Ministry of Agriculture & Farmers Welfare,PM Kisan Samman Nidhi,PMKISAN,Central Sector,State Nodal Agency,592.29,479.4,454.3,94.76,83,82.0,2455,2227.0,Completed,Material procurement in progress,Rakesh Yadav - Scheme Nodal Officer - rakesh.yadav@nic.in
GFU00457,2021-22,2023-07-02,Tamil Nadu,Salem,Ministry of Health & Family Welfare,Ayushman Bharat - Pradhan Mantri Jan Arogya Yojana,PMJAY,Centrally Sponsored (60:40),Gram Panchayat,371.47,210.05,187.8,89.41,280,185.0,3323,2184.0,Ongoing,Work completed as per schedule,Lakshmi Yadav - Block Development Officer - lakshmi.yadav@nic.in
GFU00882,2023-24,2021-07-07,Madhya Pradesh,Bhopal,Ministry of Jal Shakti,Swachh Bharat Mission - Gramin,SBM-G,Centrally Sponsored (60:40),Urban Local Body (ULB),85.68,84.61,0.0,0.0,223,0.0,1900,0.0,Not Started,Fund utilization certificate pending,Anjali Mishra - Assistant Engineer - anjali.mishra@nic.in
GFU00531,2024-25,2022-05-08,Madhya Pradesh,Ujjain,Ministry of Jal Shakti,Swachh Bharat Mission - Gramin,SBM-G,Centrally Sponsored (60:40),State Nodal Agency,223.12,218.39,0.0,0.0,366,0.0,3833,0.0,Not Started,Delay due to - land acquisition dispute,Anjali Mishra - Block Development Officer - anjali.mishra@nic.in
GFU00181,2024-25,2024-04-13,Gujarat, Rajkot,Ministry of Agriculture & Farmers Welfare,PM Kisan Samman Nidhi,PMKISAN,Central Sector,Gram Panchayat,42.64,28.2,21.49,76.21,223,147.0,3463,2292.0,Ongoing,Delay due to - land acquisition dispute,Lakshmi Chatterjee - District Programme Coordinator - lakshmi.chatterjee@nic.in
GFU00450,2022-23,2023-06-02,Tamil Nadu,Chennai,Ministry of Education,PM Poshan (Mid-Day Meal Scheme),PMPOSHAN,Centrally Sponsored (60:40),District Panchayat / Zilla Parishad,671.81,645.8,613.68,95.03,317,317.0,104,101.0,Completed,,Lakshmi Kumar - Block Development Officer - lakshmi.kumar@nic.in
GFU00753,2023-24,2024-04-04,Gujarat,Surat,Ministry of Rural Development,Pradhan Mantri Gram Sadak Yojana,PMGSY,Centrally Sponsored (60:40),Urban Local Body (ULB),475.04,360.97,157.44,43.62,318,85.0,344,95.0,Delayed,  Beneficiary list under revision  ,Anjali Rao - District Programme Coordinator - anjali.rao@nic.in
GFU00810,2024-25,2022-08-31,Karnataka,Belagavi,Ministry of Jal Shakti,Swachh Bharat Mission - Gramin,SBM-G,Centrally Sponsored (60:40),State Nodal Agency,39.82,33.3,12.15,36.49,82,18.0,2108,438.0,Delayed,Material procurement in progress,Ganesh Sharma - Block Development Officer - ganesh.sharma@nic.in
GFU00267,2022-23,2021-09-28,Uttar Pradesh, Kanpur,Ministry of Jal Shakti,Jal Jeevan Mission,JJM,Centrally Sponsored (90:10),Gram Panchayat,577.28,439.06,346.51,78.92,343,249.0,220,159.0,Delayed,Awaiting third-party audit clearance,Ramesh Naik - Assistant Engineer - ramesh.naik@nic.in
GFU00059,2022-23,2023-02-19,Kerala, Kozhikode,Ministry of Rural Development,Pradhan Mantri Awas Yojana - Gramin,PMAY-G,Centrally Sponsored (60:40),NGO / Partner Organisation,262.54,248.37,147.92,59.56,458,260.0,1610,900.0,Ongoing,Utilization certificate submitted and verified,Ramesh Kumar - District Programme Coordinator - ramesh.kumar@nic.in
GFU00247,2021-22,2023-02-23,Madhya Pradesh,Ujjain,Ministry of Health & Family Welfare,National Health Mission,NHM,Centrally Sponsored (60:40),District Panchayat / Zilla Parishad,318.83,220.49,218.41,99.06,382,381.0,4028,3793.0,Completed,Delay due to - land acquisition dispute,Kavita Patel - Block Development Officer - kavita.patel@nic.in
GFU00129,2024-25,2024-09-23,Tamil Nadu,Salem,Ministry of Jal Shakti,Jal Jeevan Mission,JJM,Centrally Sponsored (90:10),District Panchayat / Zilla Parishad,589.71,489.56,230.7,47.12,211,56.0,1968,494.0,Ongoing,Material procurement in progress,Manoj Naik - Assistant Engineer - manoj.naik@nic.in
GFU00693,2023-24,2023-08-06,West Bengal,Kolkata ,Ministry of Health & Family Welfare,National Health Mission,NHM,Centrally Sponsored (60:40),Urban Local Body (ULB),375.43,362.77,355.4,97.97,353,352.0,2037,2001.0,Completed,  Work completed as per schedule  ,Ramesh Rao - District Collector Office - ramesh.rao@nic.in
GFU00607,2024-25,2022-12-04,Kerala,Thiruvananthapuram,Ministry of Health & Family Welfare,National Health Mission,NHM,Centrally Sponsored (60:40),Urban Local Body (ULB),397.38,384.67,345.32,89.77,480,479.0,498,517.0,Completed,Fund utilization certificate pending,Meera Iyer - District Collector Office - meera.iyer@nic.in
GFU00832,2024-25,2024-05-03,Madhya Pradesh,indore,Ministry of Education,PM Poshan (Mid-Day Meal Scheme),PMPOSHAN,Centrally Sponsored (60:40),Urban Local Body (ULB),580.3,474.41,,,348,16.0,728,34.0,Delayed,Utilization certificate submitted and verified,Lakshmi Naik - District Programme Coordinator - lakshmi.naik@nic.in
GFU00688,2022-23,2022-07-18,Gujarat,Vadodara,Ministry of Health & Family Welfare,National Health Mission,NHM,Centrally Sponsored (60:40),Gram Panchayat,258.19,246.25,126.48,51.36,232,,4333,992.0,Ongoing,Fund utilization certificate pending,Lakshmi Iyer - Scheme Nodal Officer - lakshmi.iyer@nic.in
GFU00088,2021-22,2021-12-06,Tamil Nadu,Madurai,Ministry of Jal Shakti,Jal Jeevan Mission,JJM,Centrally Sponsored (90:10),State Nodal Agency,751.56,458.24,447.08,97.56,247,245.0,1086,1062.0,Completed,  No remarks recorded  ,Sunita Iyer - Assistant Engineer - sunita.iyer@nic.in
GFU00764,2022-23,2022-07-09,Rajasthan,Jodhpur,Ministry of Agriculture & Farmers Welfare,Pradhan Mantri Fasal Bima Yojana,PMFBY,Central Sector,District Panchayat / Zilla Parishad,772.41,466.3,,,408,197.0,3062,1503.0,Ongoing,  Delay due to - contractor mobilisation issue  ,Anjali Patel - Assistant Engineer - anjali.patel@nic.in
GFU00814,2024-25,2021-07-10,Kerala,Kochi,Ministry of Health & Family Welfare,Ayushman Bharat - Pradhan Mantri Jan Arogya Yojana,PMJAY,Centrally Sponsored (60:40),NGO / Partner Organisation,232.6,154.67,139.86,90.42,32,31.0,1838,1624.0,Completed,Delay due to - contractor mobilisation issue,Meera Chatterjee - Assistant Engineer - meera.chatterjee@nic.in
GFU00579,2024-25,2024-07-16,Madhya Pradesh,Ujjain,Ministry of Agriculture & Farmers Welfare,PM Kisan Samman Nidhi,PMKISAN,Central Sector,Gram Panchayat,707.45,669.81,592.82,88.51,471,470.0,133,133.0,Completed,,Ganesh Kumar - District Collector Office - ganesh.kumar@nic.in
GFU00534,2023-24,2022-11-13,Kerala,Kollam,Ministry of Agriculture & Farmers Welfare,PM Kisan Samman Nidhi,PMKISAN,Central Sector,Gram Panchayat,205.66,196.16,116.46,59.37,174,172.0,1734,1719.0,Ongoing,Delay due to - heavy monsoon rainfall,Ramesh Naik - District Programme Coordinator - ramesh.naik@nic.in
GFU00650,2021-22,2023-11-07,Maharashtra,Kolhapur,Ministry of Agriculture & Farmers Welfare,PM Kisan Samman Nidhi,PMKISAN,Central Sector,District Panchayat / Zilla Parishad,138.77,115.72,102.18,88.3,129,117.0,3313,2750.0,Delayed,No remarks recorded,Sanjay Nair - Block Development Officer - sanjay.nair@nic.in
GFU01000,2024-25,2022-12-26,Tamil Nadu,Salem,Ministry of Health & Family Welfare,Ayushman Bharat - Pradhan Mantri Jan Arogya Yojana,PMJAY,Centrally Sponsored (60:40),NGO / Partner Organisation,425.5,295.02,286.98,97.27,395,395.0,479,462.0,Completed,Delay due to - contractor mobilisation issue,Pooja Kumar - Block Development Officer - pooja.kumar@nic.in
GFU00659,2023-24,2021-11-11,Rajasthan,Jaipur,Ministry of Rural Development,Mahatma Gandhi National Rural Employment Guarantee Scheme,MGNREGS,Centrally Sponsored (60:40),Urban Local Body (ULB),325.46,177.11,174.22,98.37,13,12.0,3129,2769.0,Completed,Utilization certificate submitted and verified,Arvind Patel - Scheme Nodal Officer - arvind.patel@nic.in
GFU00803,2023-24,2021-06-12,West Bengal,Siliguri,Ministry of Health & Family Welfare,Ayushman Bharat - Pradhan Mantri Jan Arogya Yojana,PMJAY,Centrally Sponsored (60:40),District Panchayat / Zilla Parishad,497.95,405.97,349.19,86.01,453,453.0,1128,1133.0,Completed,No remarks recorded,Arvind Naik - District Collector Office - arvind.naik@nic.in
GFU00256,2022-23,2023-03-26,Tamil Nadu,Chennai,Ministry of Education,PM Poshan (Mid-Day Meal Scheme),PMPOSHAN,Centrally Sponsored (60:40),Gram Panchayat,230.5,215.26,208.92,97.05,468,466.0,1237,1142.0,Completed,Delay due to - heavy monsoon rainfall,Anjali Yadav - Block Development Officer - anjali.yadav@nic.in
GFU00692,2022-23,2024-09-30,Gujarat,Ahmedabad,Ministry of Jal Shakti,Jal Jeevan Mission,JJM,Centrally Sponsored (90:10),District Panchayat / Zilla Parishad,322.36,172.67,155.6,90.11,313,313.0,304,314.0,Completed,Delay due to - contractor mobilisation issue,Kavita Patel - District Collector Office - kavita.patel@nic.in
GFU00638,2021-22,2023-08-07,Tamil Nadu,Tiruchirappalli,Ministry of Health & Family Welfare,Ayushman Bharat - Pradhan Mantri Jan Arogya Yojana,PMJAY,Centrally Sponsored (60:40),NGO / Partner Organisation,320.45,167.85,148.41,88.42,432,431.0,3314,3138.0,Completed,Delay due to - land acquisition dispute,Ashok Mishra - Scheme Nodal Officer - ashok.mishra@nic.in
GFU00713,2022-23,2022-12-04,Uttar Pradesh,Lucknow,Ministry of Rural Development,Mahatma Gandhi National Rural Employment Guarantee Scheme,MGNREGS,Centrally Sponsored (60:40),District Panchayat / Zilla Parishad,168.18,90.11,49.43,54.86,498,423.0,4639,3661.0,Delayed,  Beneficiary list under revision  ,Ashok Singh - District Programme Coordinator - ashok.singh@nic.in
GFU00616,2024-25,2024-02-27,Kerala,Kochi,Ministry of Rural Development,Pradhan Mantri Gram Sadak Yojana,PMGSY,Centrally Sponsored (60:40),District Panchayat / Zilla Parishad,432.8,390.96,230.23,58.89,14,1.0,2805,192.0,Delayed,Fund utilization certificate pending,Arvind Rao - Assistant Engineer - arvind.rao@nic.in
GFU00707,2024-25,2021-08-29,Maharashtra,Kolhapur,Ministry of Education,Samagra Shiksha Abhiyan,SS,Centrally Sponsored (60:40),Urban Local Body (ULB),530.48,451.29,421.0,93.29,298,297.0,1815,1817.0,Completed,Delay due to - land acquisition dispute,Vinod Verma - Assistant Engineer - vinod.verma@nic.in
GFU00086,2024-25,2023-01-15,Maharashtra,Kolhapur,Ministry of Education,Samagra Shiksha Abhiyan,SS,Centrally Sponsored (60:40),Gram Panchayat,684.93,422.09,391.66,92.79,37,34.0,530,,Ongoing,,Vinod Yadav - District Collector Office - vinod.yadav@nic.in
GFU00891,2023-24,2022-09-28,Karnataka,Belagavi,Ministry of Rural Development,Pradhan Mantri Gram Sadak Yojana,PMGSY,Centrally Sponsored (60:40),State Nodal Agency,343.13,176.48,160.3,90.83,462,462.0,1936,1938.0,Completed,Delay due to - land acquisition dispute,Ganesh Chatterjee - Scheme Nodal Officer - ganesh.chatterjee@nic.in
GFU00702,2021-22,2022-12-15,West Bengal,Durgapur,Ministry of Rural Development,Pradhan Mantri Gram Sadak Yojana,PMGSY,Centrally Sponsored (60:40),Gram Panchayat,98.79,70.51,29.02,41.16,177,153.0,4651,3920.0,Ongoing,Awaiting third-party audit clearance,Sanjay Mishra - Assistant Engineer - sanjay.mishra@nic.in
GFU00248,2024-25,2024-10-09,Bihar,Darbhanga ,Ministry of Jal Shakti,Swachh Bharat Mission - Gramin,SBM-G,Centrally Sponsored (60:40),District Panchayat / Zilla Parishad,643.54,435.82,145.02,33.28,347,196.0,1768,916.0,Ongoing,Fund utilization certificate pending,Pooja Das - District Collector Office - pooja.das@nic.in
GFU00855,2022-23,2022-07-09,Uttar Pradesh,Varanasi,Ministry of Health & Family Welfare,Ayushman Bharat - Pradhan Mantri Jan Arogya Yojana,PMJAY,Centrally Sponsored (60:40),NGO / Partner Organisation,53.07,47.23,45.99,97.37,470,468.0,1659,1497.0,Completed,Utilization certificate submitted and verified,Deepa Das - Assistant Engineer - deepa.das@nic.in
GFU00529,2023-24,2023-09-29,West Bengal,Siliguri,Ministry of Health & Family Welfare,Ayushman Bharat - Pradhan Mantri Jan Arogya Yojana,PMJAY,Centrally Sponsored (60:40),Gram Panchayat,128.51,114.53,105.28,91.92,429,80.0,475,86.0,Ongoing,Delay due to - heavy monsoon rainfall,Lakshmi Singh - Assistant Engineer - lakshmi.singh@nic.in
GFU00196,2024-25,2024-05-23,West Bengal,howrah,Ministry of Agriculture & Farmers Welfare,Pradhan Mantri Fasal Bima Yojana,PMFBY,Central Sector,NGO / Partner Organisation,625.71,379.88,241.89,63.68,123,21.0,874,,Ongoing,No remarks recorded,Kavita Reddy - Assistant Engineer - kavita.reddy@nic.in
GFU00949,2023-24,2022-09-18,Kerala,Kozhikode,Ministry of Jal Shakti,Swachh Bharat Mission - Gramin,SBM-G,Centrally Sponsored (60:40),State Nodal Agency,562.14,285.0,207.18,72.69,137,25.0,1978,,Delayed,Fund utilization certificate pending,Ashok Chatterjee - Assistant Engineer - ashok.chatterjee@nic.in
GFU00601,2024-25,2022-05-21,Bihar,Muzaffarpur ,Ministry of Education,Samagra Shiksha Abhiyan,SS,Centrally Sponsored (60:40),Urban Local Body (ULB),730.31,474.51,402.79,84.89,304,110.0,2757,993.0,Ongoing,Awaiting third-party audit clearance,Vinod Das - Assistant Engineer - vinod.das@nic.in
GFU00360,2021-22,2021-10-30,Tamil Nadu,salem,Ministry of Education,PM Poshan (Mid-Day Meal Scheme),PMPOSHAN,Centrally Sponsored (60:40),District Panchayat / Zilla Parishad,259.19,233.05,198.33,85.1,332,331.0,2113,1938.0,Completed,  Awaiting third-party audit clearance  ,Sanjay Nair - District Collector Office - sanjay.nair@nic.in
GFU00848,2021-22,2022-05-27,Tamil Nadu,Tiruchirappalli,Ministry of Rural Development,Pradhan Mantri Awas Yojana - Gramin,PMAY-G,Centrally Sponsored (60:40),District Panchayat / Zilla Parishad,713.69,366.69,335.24,91.42,445,443.0,1142,1113.0,Completed,  Delay due to - heavy monsoon rainfall  ,Vinod Patel - Assistant Engineer - vinod.patel@nic.in
GFU00762,2024-25,2021-11-12,West Bengal,Howrah,Ministry of Agriculture & Farmers Welfare,PM Kisan Samman Nidhi,PMKISAN,Central Sector,District Panchayat / Zilla Parishad,705.27,353.46,267.19,75.59,437,188.0,4212,1673.0,Ongoing,Delay due to - contractor mobilisation issue,Arvind Mishra - Scheme Nodal Officer - arvind.mishra@nic.in
GFU00669,2022-23,2024-04-18,West Bengal,Siliguri,Ministry of Jal Shakti,Swachh Bharat Mission - Gramin,SBM-G,Centrally Sponsored (60:40),Gram Panchayat,28.82,23.76,20.8,87.54,72,72.0,4062,3775.0,Completed,Fund utilization certificate pending,Kavita Nair - Block Development Officer - kavita.nair@nic.in
GFU00438,2024-25,2023-01-09,West Bengal,Asansol,Ministry of Health & Family Welfare,National Health Mission,NHM,Centrally Sponsored (60:40),District Panchayat / Zilla Parishad,619.06,471.88,189.94,40.25,372,226.0,4756,2813.0,Ongoing,Beneficiary list under revision,Ganesh Mishra - District Programme Coordinator - ganesh.mishra@nic.in
GFU00834,2021-22,2025-01-26,Maharashtra,Pune,Ministry of Health & Family Welfare,National Health Mission,NHM,Centrally Sponsored (60:40),Urban Local Body (ULB),770.35,486.62,218.14,44.83,412,380.0,2462,2093.0,Delayed,Work completed as per schedule,Manoj Mishra - District Programme Coordinator - manoj.mishra@nic.in
GFU00178,2022-23,2024-05-20,Uttar Pradesh,Meerut,Ministry of Education,Samagra Shiksha Abhiyan,SS,Centrally Sponsored (60:40),Urban Local Body (ULB),761.37,564.02,440.95,78.18,98,74.0,2580,1880.0,Delayed,Utilization certificate submitted and verified,Ashok Reddy - District Collector Office - ashok.reddy@nic.in
GFU00084,2021-22,2024-07-07,Tamil Nadu,Chennai,Ministry of Rural Development,Pradhan Mantri Gram Sadak Yojana,PMGSY,Centrally Sponsored (60:40),State Nodal Agency,52.7,41.38,0.0,0.0,182,0.0,2620,0.0,Not Started,Delay due to - contractor mobilisation issue,Manoj Naik - Scheme Nodal Officer - manoj.naik@nic.in
GFU00574,2024-25,2023-03-10,Uttar Pradesh,Lucknow,Ministry of Jal Shakti,Swachh Bharat Mission - Gramin,SBM-G,Centrally Sponsored (60:40),Urban Local Body (ULB),32.95,31.97,26.51,82.92,142,71.0,2487,1165.0,Ongoing,Delay due to - contractor mobilisation issue,Deepa Iyer - Scheme Nodal Officer - deepa.iyer@nic.in
GFU00265,2022-23,2021-12-31,West Bengal,Asansol ,Ministry of Agriculture & Farmers Welfare,PM Kisan Samman Nidhi,PMKISAN,Central Sector,Gram Panchayat,315.44,227.53,174.02,76.48,311,107.0,4655,1609.0,Delayed,Beneficiary list under revision,Pooja Rao - District Collector Office - pooja.rao@nic.in
GFU00029,2024-25,2021-08-03,Uttar Pradesh,Lucknow,Ministry of Education,Samagra Shiksha Abhiyan,SS,Centrally Sponsored (60:40),Urban Local Body (ULB),693.7,477.17,0.0,0.0,56,0.0,3474,0.0,Not Started,No remarks recorded,Ramesh Rao - Block Development Officer - ramesh.rao@nic.in
GFU00158,2022-23,2024-08-13,Gujarat,Surat,Ministry of Jal Shakti,Jal Jeevan Mission,JJM,Centrally Sponsored (90:10),District Panchayat / Zilla Parishad,319.78,213.84,175.16,81.91,21,18.0,2032,1622.0,Delayed,Beneficiary list under revision,Arvind Chatterjee - Scheme Nodal Officer - arvind.chatterjee@nic.in
GFU00028,2024-25,2023-08-30,Madhya Pradesh,Jabalpur,Ministry of Education,PM Poshan (Mid-Day Meal Scheme),PMPOSHAN,Centrally Sponsored (60:40),District Panchayat / Zilla Parishad,322.39,308.52,307.57,99.69,71,70.0,2301,2302.0,Completed,Beneficiary list under revision,Arvind Sharma - District Collector Office - arvind.sharma@nic.in
GFU00049,2023-24,2023-02-01,Kerala,Thrissur,Ministry of Agriculture & Farmers Welfare,PM Kisan Samman Nidhi,PMKISAN,Central Sector,District Panchayat / Zilla Parishad,596.28,315.51,243.68,77.23,168,153.0,3024,2512.0,Ongoing,Material procurement in progress,Deepa Naik - Block Development Officer - deepa.naik@nic.in
GFU00239,2022-23,2023-02-24,Rajasthan,Kota,Ministry of Rural Development,Pradhan Mantri Gram Sadak Yojana,PMGSY,Centrally Sponsored (60:40),District Panchayat / Zilla Parishad,335.57,261.33,86.15,32.97,427,422.0,647,585.0,Ongoing,Work completed as per schedule,Deepa Yadav - District Collector Office - deepa.yadav@nic.in
GFU00194,2024-25,2024-06-30,Tamil Nadu,Salem,Ministry of Rural Development,Mahatma Gandhi National Rural Employment Guarantee Scheme,MGNREGS,Centrally Sponsored (60:40),Gram Panchayat,34.31,25.73,0.0,0.0,157,0.0,2000,0.0,Not Started,Delay due to - heavy monsoon rainfall,Meera Singh - Block Development Officer - meera.singh@nic.in
GFU00746,2024-25,2021-11-26,Uttar Pradesh,Meerut,Ministry of Rural Development,Pradhan Mantri Awas Yojana - Gramin,PMAY-G,Centrally Sponsored (60:40),District Panchayat / Zilla Parishad,436.62,424.34,385.37,90.82,482,480.0,1241,1194.0,Completed,Beneficiary list under revision,Ganesh Mishra - Block Development Officer - ganesh.mishra@nic.in
GFU00313,2021-22,2024-02-16,Tamil Nadu,Coimbatore,Ministry of Jal Shakti,Jal Jeevan Mission,JJM,Centrally Sponsored (90:10),Gram Panchayat,694.41,603.02,436.61,72.4,137,21.0,2424,362.0,Ongoing,Delay due to - heavy monsoon rainfall,Arvind Verma - Block Development Officer - arvind.verma@nic.in
GFU00817,2023-24,2021-11-13,Rajasthan,Ajmer,Ministry of Education,PM Poshan (Mid-Day Meal Scheme),PMPOSHAN,Centrally Sponsored (60:40),District Panchayat / Zilla Parishad,425.05,242.35,0.0,0.0,80,0.0,2538,0.0,Not Started,Delay due to - heavy monsoon rainfall,Kavita Das - Assistant Engineer - kavita.das@nic.in
GFU00156,2023-24,2024-02-09,Gujarat,Surat,Ministry of Rural Development,Pradhan Mantri Gram Sadak Yojana,PMGSY,Centrally Sponsored (60:40),State Nodal Agency,263.98,135.29,127.66,94.36,35,35.0,2369,2388.0,Completed,Awaiting third-party audit clearance,Ganesh Nair - Assistant Engineer - ganesh.nair@nic.in
GFU00388,2021-22,2022-05-14,Karnataka,mangaluru,Ministry of Agriculture & Farmers Welfare,Pradhan Mantri Fasal Bima Yojana,PMFBY,Central Sector,NGO / Partner Organisation,421.13,409.08,332.18,81.2,472,175.0,4824,1868.0,Ongoing,Fund utilization certificate pending,Pooja Mishra - District Programme Coordinator - pooja.mishra@nic.in
GFU00062,2022-23,2022-09-23,Maharashtra,nashik,Ministry of Agriculture & Farmers Welfare,Pradhan Mantri Fasal Bima Yojana,PMFBY,Central Sector,Gram Panchayat,290.0,218.17,108.41,49.69,214,92.0,4939,2182.0,Delayed,Beneficiary list under revision,Arvind Iyer - Block Development Officer - arvind.iyer@nic.in
GFU00885,2022-23,2022-09-01,Bihar,Muzaffarpur,Ministry of Agriculture & Farmers Welfare,Pradhan Mantri Fasal Bima Yojana,PMFBY,Central Sector,State Nodal Agency,797.82,754.76,732.58,97.06,166,,892,878.0,Completed,Beneficiary list under revision,Lakshmi Reddy - Block Development Officer - lakshmi.reddy@nic.in
GFU00801,2023-24,2023-03-23,Bihar,Bhagalpur,Ministry of Education,PM Poshan (Mid-Day Meal Scheme),PMPOSHAN,Centrally Sponsored (60:40),Urban Local Body (ULB),562.01,519.44,294.53,56.7,374,106.0,3342,962.0,Ongoing,  Material procurement in progress  ,Ashok Chatterjee - District Programme Coordinator - ashok.chatterjee@nic.in
GFU00624,2023-24,2021-07-21,West Bengal,Siliguri,Ministry of Jal Shakti,Swachh Bharat Mission - Gramin,SBM-G,Centrally Sponsored (60:40),State Nodal Agency,734.45,647.52,623.61,96.31,394,393.0,2555,2455.0,Completed,Utilization certificate submitted and verified,Ramesh Chatterjee - Block Development Officer - ramesh.chatterjee@nic.in
GFU00352,2023-24,2023-09-20,Tamil Nadu, Salem,Ministry of Education,Samagra Shiksha Abhiyan,SS,Centrally Sponsored (60:40),Gram Panchayat,660.81,390.49,347.04,88.87,158,158.0,3460,3237.0,Completed,Delay due to - heavy monsoon rainfall,Meera Rao - District Programme Coordinator - meera.rao@nic.in
GFU00104,2022-23,2024-10-31,Kerala,Kozhikode,Ministry of Education,PM Poshan (Mid-Day Meal Scheme),PMPOSHAN,Centrally Sponsored (60:40),Gram Panchayat,272.3,162.79,111.39,68.43,224,49.0,4721,1018.0,Delayed,  Beneficiary list under revision  ,Ganesh Verma - Block Development Officer - ganesh.verma@nic.in
GFU00052,2021-22,2022-12-13,Karnataka,Bengaluru,Ministry of Rural Development,Mahatma Gandhi National Rural Employment Guarantee Scheme,MGNREGS,Centrally Sponsored (60:40),State Nodal Agency,724.15,576.13,566.84,98.39,66,65.0,1316,1314.0,Completed,Delay due to - contractor mobilisation issue,Ganesh Patel - District Programme Coordinator - ganesh.patel@nic.in
GFU00198,2021-22,2022-07-25,Karnataka,Hubballi,Ministry of Rural Development,Pradhan Mantri Gram Sadak Yojana,PMGSY,Centrally Sponsored (60:40),State Nodal Agency,434.36,286.08,239.14,83.59,247,32.0,1668,222.0,Delayed,Work completed as per schedule,Lakshmi Yadav - Block Development Officer - lakshmi.yadav@nic.in
GFU00791,2023-24,2021-06-26,Maharashtra,Nashik,Ministry of Education,Samagra Shiksha Abhiyan,SS,Centrally Sponsored (60:40),District Panchayat / Zilla Parishad,623.04,399.22,384.17,96.23,348,347.0,4957,4560.0,Completed,Fund utilization certificate pending,Sanjay Yadav - Block Development Officer - sanjay.yadav@nic.in
GFU00325,2024-25,2022-09-06,Gujarat,Bhavnagar,Ministry of Jal Shakti,Swachh Bharat Mission - Gramin,SBM-G,Centrally Sponsored (60:40),Gram Panchayat,375.61,360.29,,,236,98.0,2276,862.0,Delayed,No remarks recorded,Lakshmi Singh - Scheme Nodal Officer - lakshmi.singh@nic.in
GFU00295,2021-22,2024-03-25,Uttar Pradesh,Agra,Ministry of Rural Development,Pradhan Mantri Gram Sadak Yojana,PMGSY,Centrally Sponsored (60:40),Gram Panchayat,173.89,115.8,43.18,37.29,157,104.0,3164,1930.0,Ongoing,Utilization certificate submitted and verified,Rakesh Mishra - District Programme Coordinator - rakesh.mishra@nic.in
GFU00100,2024-25,2022-10-03,Tamil Nadu,Chennai,Ministry of Jal Shakti,Swachh Bharat Mission - Gramin,SBM-G,Centrally Sponsored (60:40),District Panchayat / Zilla Parishad,746.42,692.0,642.81,92.89,437,437.0,2732,2487.0,Completed,  Delay due to - land acquisition dispute  ,Meera Kumar - District Programme Coordinator - meera.kumar@nic.in
GFU00244,2022-23,2021-11-22,Madhya Pradesh,Indore,Ministry of Jal Shakti,Jal Jeevan Mission,JJM,Centrally Sponsored (90:10),Gram Panchayat,302.84,238.88,235.53,98.6,218,216.0,1134,1096.0,Completed,Beneficiary list under revision,Ashok Rao - District Programme Coordinator - ashok.rao@nic.in
GFU00082,2023-24,2025-02-07,Gujarat,Surat,Ministry of Rural Development,Pradhan Mantri Awas Yojana - Gramin,PMAY-G,Centrally Sponsored (60:40),Gram Panchayat,240.26,194.1,115.61,59.56,452,74.0,2126,327.0,Ongoing,,Lakshmi Patel - Scheme Nodal Officer - lakshmi.patel@nic.in
GFU00386,2022-23,2021-09-29,West Bengal,Siliguri,Ministry of Education,Samagra Shiksha Abhiyan,SS,Centrally Sponsored (60:40),Urban Local Body (ULB),435.14,296.34,279.76,94.41,476,475.0,3244,3040.0,Completed,Beneficiary list under revision,Kavita Singh - Block Development Officer - kavita.singh@nic.in
GFU00892,2022-23,2023-10-06,Karnataka,Mangaluru,Ministry of Education,PM Poshan (Mid-Day Meal Scheme),PMPOSHAN,Centrally Sponsored (60:40),Gram Panchayat,130.37,74.73,63.81,85.39,423,421.0,3966,3967.0,Completed,Delay due to - heavy monsoon rainfall,Deepa Yadav - Assistant Engineer - deepa.yadav@nic.in
GFU00557,2022-23,2024-04-23,Tamil Nadu,Chennai ,Ministry of Rural Development,Pradhan Mantri Gram Sadak Yojana,PMGSY,Centrally Sponsored (60:40),State Nodal Agency,363.33,209.6,200.54,95.68,21,19.0,4870,4428.0,Completed,Fund utilization certificate pending,Sunita Sharma - District Programme Coordinator - sunita.sharma@nic.in
GFU00631,2024-25,2022-12-23,Rajasthan,Jaipur,Ministry of Education,Samagra Shiksha Abhiyan,SS,Centrally Sponsored (60:40),Gram Panchayat,205.72,145.28,73.22,50.4,168,64.0,3710,1324.0,Delayed,Utilization certificate submitted and verified,Ganesh Nair - Scheme Nodal Officer - ganesh.nair@nic.in
GFU00959,2022-23,2024-02-24,Madhya Pradesh,jabalpur,Ministry of Health & Family Welfare,Ayushman Bharat - Pradhan Mantri Jan Arogya Yojana,PMJAY,Centrally Sponsored (60:40),District Panchayat / Zilla Parishad,277.3,204.71,192.86,94.21,405,404.0,1494,1389.0,Completed,Material procurement in progress,Arvind Verma - District Collector Office - arvind.verma@nic.in
GFU00666,2023-24,2024-07-12,Tamil Nadu,Salem,Ministry of Education,Samagra Shiksha Abhiyan,SS,Centrally Sponsored (60:40),Urban Local Body (ULB),43.11,29.86,13.44,45.01,37,15.0,1815,695.0,Ongoing,No remarks recorded,Ganesh Das - District Collector Office - ganesh.das@nic.in
GFU00797,2023-24,2022-01-18,West Bengal,Durgapur,Ministry of Agriculture & Farmers Welfare,Pradhan Mantri Fasal Bima Yojana,PMFBY,Central Sector,District Panchayat / Zilla Parishad,656.58,636.3,557.13,87.56,13,8.0,627,,Ongoing,Delay due to - land acquisition dispute,Lakshmi Singh - Block Development Officer - lakshmi.singh@nic.in
GFU00428,2024-25,2022-04-23,Gujarat,surat,Ministry of Agriculture & Farmers Welfare,Pradhan Mantri Fasal Bima Yojana,PMFBY,Central Sector,Gram Panchayat,451.21,228.39,0.0,0.0,354,0.0,1902,0.0,Not Started,Work completed as per schedule,Ramesh Reddy - District Collector Office - ramesh.reddy@nic.in
GFU00886,2024-25,2023-07-22,Maharashtra,Nagpur,Ministry of Jal Shakti,Jal Jeevan Mission,JJM,Centrally Sponsored (90:10),District Panchayat / Zilla Parishad,481.51,388.58,334.5,86.08,238,154.0,2569,1570.0,Delayed,Delay due to - land acquisition dispute,Ganesh Mishra - Assistant Engineer - ganesh.mishra@nic.in
GFU00896,2023-24,2023-03-22,Rajasthan,Jaipur,Ministry of Jal Shakti,Jal Jeevan Mission,JJM,Centrally Sponsored (90:10),District Panchayat / Zilla Parishad,728.12,693.03,650.44,93.85,12,12.0,196,204.0,Completed,Delay due to - land acquisition dispute,Ramesh Singh - District Programme Coordinator - ramesh.singh@nic.in
GFU00122,2022-23,2021-11-02,Tamil Nadu,madurai,Ministry of Rural Development,Pradhan Mantri Gram Sadak Yojana,PMGSY,Centrally Sponsored (60:40),District Panchayat / Zilla Parishad,168.8,149.19,52.7,35.32,495,347.0,4634,3085.0,Ongoing,Delay due to - contractor mobilisation issue,Ashok Iyer - Scheme Nodal Officer - ashok.iyer@nic.in
GFU00271,2024-25,2022-08-03,Uttar Pradesh, Varanasi,Ministry of Rural Development,Pradhan Mantri Gram Sadak Yojana,PMGSY,Centrally Sponsored (60:40),Gram Panchayat,306.39,299.26,290.91,97.21,235,77.0,2669,827.0,Ongoing,Beneficiary list under revision,Ramesh Mishra - District Programme Coordinator - ramesh.mishra@nic.in
GFU00011,2024-25,2022-05-12,Uttar Pradesh,Lucknow,Ministry of Education,Samagra Shiksha Abhiyan,SS,Centrally Sponsored (60:40),State Nodal Agency,308.2,189.95,,,279,,2759,2777.0,Completed,Beneficiary list under revision,Deepa Nair - Block Development Officer - deepa.nair@nic.in
GFU00840,2024-25,2022-01-30,Rajasthan,Ajmer,Ministry of Education,PM Poshan (Mid-Day Meal Scheme),PMPOSHAN,Centrally Sponsored (60:40),State Nodal Agency,394.78,226.82,214.51,94.57,261,260.0,1539,1540.0,Completed,  Fund utilization certificate pending  ,Ramesh Chatterjee - District Programme Coordinator - ramesh.chatterjee@nic.in
GFU00824,2023-24,2025-02-23,Rajasthan,Jaipur,Ministry of Jal Shakti,Swachh Bharat Mission - Gramin,SBM-G,Centrally Sponsored (60:40),Gram Panchayat,622.42,340.29,291.36,85.62,71,69.0,2503,2396.0,Completed,Delay due to - land acquisition dispute,Kavita Reddy - Scheme Nodal Officer - kavita.reddy@nic.in
GFU00446,2022-23,2022-03-09,Uttar Pradesh,Meerut,Ministry of Jal Shakti,Swachh Bharat Mission - Gramin,SBM-G,Centrally Sponsored (60:40),NGO / Partner Organisation,468.07,292.17,260.18,89.05,498,497.0,3215,3017.0,Completed,Beneficiary list under revision,Sanjay Verma - District Programme Coordinator - sanjay.verma@nic.in
GFU00530,2022-23,2023-03-15,Tamil Nadu,Chennai,Ministry of Rural Development,Mahatma Gandhi National Rural Employment Guarantee Scheme,MGNREGS,Centrally Sponsored (60:40),Gram Panchayat,152.99,111.31,35.53,31.92,190,103.0,4171,2261.0,Ongoing,Beneficiary list under revision,Kavita Sharma - Scheme Nodal Officer - kavita.sharma@nic.in
GFU00066,2024-25,2021-06-02,Tamil Nadu,Madurai,Ministry of Rural Development,Pradhan Mantri Awas Yojana - Gramin,PMAY-G,Centrally Sponsored (60:40),Gram Panchayat,481.75,416.61,201.09,48.27,198,168.0,1075,911.0,Ongoing,Delay due to - contractor mobilisation issue,Kavita Reddy - Scheme Nodal Officer - kavita.reddy@nic.in
GFU00359,2022-23,2022-04-22,Kerala,Thrissur,Ministry of Jal Shakti,Swachh Bharat Mission - Gramin,SBM-G,Centrally Sponsored (60:40),Urban Local Body (ULB),711.27,431.68,401.61,93.03,227,100.0,3991,1705.0,Ongoing,Delay due to - land acquisition dispute,Ramesh Singh - District Collector Office - ramesh.singh@nic.in
GFU00632,2024-25,2021-06-07,West Bengal,Siliguri,Ministry of Jal Shakti,Jal Jeevan Mission,JJM,Centrally Sponsored (90:10),District Panchayat / Zilla Parishad,619.66,508.65,468.23,92.05,373,372.0,801,805.0,Completed,  Awaiting third-party audit clearance  ,Anjali Nair - Scheme Nodal Officer - anjali.nair@nic.in
GFU00989,2022-23,2022-09-29,Maharashtra,Kolhapur,Ministry of Health & Family Welfare,Ayushman Bharat - Pradhan Mantri Jan Arogya Yojana,PMJAY,Centrally Sponsored (60:40),Gram Panchayat,285.17,221.95,147.98,66.67,431,186.0,3409,1538.0,Ongoing,No remarks recorded,Sunita Sharma - District Programme Coordinator - sunita.sharma@nic.in
GFU00093,2024-25,2022-11-15,Bihar,Bhagalpur,Ministry of Jal Shakti,Jal Jeevan Mission,JJM,Centrally Sponsored (90:10),Gram Panchayat,704.49,362.16,314.46,86.83,299,297.0,2759,2731.0,Completed,,Sunita Singh - Scheme Nodal Officer - sunita.singh@nic.in
GFU00031,2022-23,2021-10-27,Gujarat, Rajkot,Ministry of Agriculture & Farmers Welfare,Pradhan Mantri Fasal Bima Yojana,PMFBY,Central Sector,Gram Panchayat,32.04,18.19,6.85,37.66,329,301.0,3934,3386.0,Delayed,Work completed as per schedule,Deepa Patel - District Programme Coordinator - deepa.patel@nic.in
GFU00074,2024-25,2023-12-26,Bihar,Gaya,Ministry of Agriculture & Farmers Welfare,PM Kisan Samman Nidhi,PMKISAN,Central Sector,Gram Panchayat,301.09,194.4,,,42,0.0,512,,Not Started,Material procurement in progress,Arvind Kumar - District Collector Office - arvind.kumar@nic.in
GFU00448,2022-23,2024-04-25,Tamil Nadu,Chennai,Ministry of Agriculture & Farmers Welfare,Pradhan Mantri Fasal Bima Yojana,PMFBY,Central Sector,Urban Local Body (ULB),137.46,70.3,0.0,0.0,277,0.0,3069,0.0,Not Started,Awaiting third-party audit clearance,Rakesh Reddy - District Programme Coordinator - rakesh.reddy@nic.in
GFU00294,2024-25,2024-03-17,Maharashtra,Nashik,Ministry of Health & Family Welfare,National Health Mission,NHM,Centrally Sponsored (60:40),Gram Panchayat,372.36,273.13,252.16,92.32,338,338.0,1427,1434.0,Completed,Fund utilization certificate pending,Meera Iyer - District Programme Coordinator - meera.iyer@nic.in
GFU00727,2024-25,2023-09-20,Maharashtra,Pune,Ministry of Rural Development,Mahatma Gandhi National Rural Employment Guarantee Scheme,MGNREGS,Centrally Sponsored (60:40),District Panchayat / Zilla Parishad,69.6,63.22,62.32,98.58,203,202.0,1059,1034.0,Completed,No remarks recorded,Anjali Kumar - Block Development Officer - anjali.kumar@nic.in
GFU00430,2023-24,2024-01-15,Madhya Pradesh,Bhopal,Ministry of Rural Development,Mahatma Gandhi National Rural Employment Guarantee Scheme,MGNREGS,Centrally Sponsored (60:40),Gram Panchayat,240.06,141.53,0.0,0.0,468,0.0,1172,0.0,Not Started,  No remarks recorded  ,Rakesh Sharma - Scheme Nodal Officer - rakesh.sharma@nic.in
GFU00792,2023-24,2025-01-04,Karnataka,Mangaluru,Ministry of Health & Family Welfare,National Health Mission,NHM,Centrally Sponsored (60:40),Gram Panchayat,165.1,93.67,67.82,72.4,341,249.0,880,590.0,Delayed,  Work completed as per schedule  ,Sunita Chatterjee - Block Development Officer - sunita.chatterjee@nic.in
GFU00596,2023-24,2025-01-12,Tamil Nadu,Tiruchirappalli ,Ministry of Rural Development,Mahatma Gandhi National Rural Employment Guarantee Scheme,MGNREGS,Centrally Sponsored (60:40),Gram Panchayat,691.65,495.0,,,384,13.0,2497,78.0,Ongoing,Awaiting third-party audit clearance,Pooja Verma - Block Development Officer - pooja.verma@nic.in
GFU00925,2024-25,2022-05-20,Karnataka,Bengaluru,Ministry of Rural Development,Mahatma Gandhi National Rural Employment Guarantee Scheme,MGNREGS,Centrally Sponsored (60:40),District Panchayat / Zilla Parishad,433.0,258.73,229.51,88.71,351,351.0,2756,2766.0,Completed,Delay due to - heavy monsoon rainfall,Pooja Naik - District Collector Office - pooja.naik@nic.in
GFU00929,2023-24,2024-07-23,Uttar Pradesh,Agra,Ministry of Health & Family Welfare,National Health Mission,NHM,Centrally Sponsored (60:40),District Panchayat / Zilla Parishad,295.44,219.31,0.0,0.0,460,0.0,635,,Not Started,No remarks recorded,Lakshmi Kumar - Scheme Nodal Officer - lakshmi.kumar@nic.in
GFU00986,2024-25,2024-10-11,Bihar,Muzaffarpur,Ministry of Education,PM Poshan (Mid-Day Meal Scheme),PMPOSHAN,Centrally Sponsored (60:40),Urban Local Body (ULB),344.61,186.18,148.94,80.0,152,150.0,4959,4878.0,Ongoing,Utilization certificate submitted and verified,Ganesh Singh - District Collector Office - ganesh.singh@nic.in
GFU00407,2022-23,2024-02-07,Tamil Nadu,coimbatore,Ministry of Jal Shakti,Jal Jeevan Mission,JJM,Centrally Sponsored (90:10),Gram Panchayat,711.17,702.85,403.94,57.47,29,5.0,495,83.0,Delayed,,Meera Patel - District Programme Coordinator - meera.patel@nic.in
GFU00621,2021-22,2021-09-21,Madhya Pradesh,Jabalpur,Ministry of Rural Development,Pradhan Mantri Awas Yojana - Gramin,PMAY-G,Centrally Sponsored (60:40),Gram Panchayat,61.08,53.21,,,467,466.0,1759,1711.0,Completed,Delay due to - contractor mobilisation issue,Kavita Kumar - Assistant Engineer - kavita.kumar@nic.in
GFU00401,2022-23,2021-04-28,Uttar Pradesh,varanasi,Ministry of Rural Development,Pradhan Mantri Gram Sadak Yojana,PMGSY,Centrally Sponsored (60:40),Urban Local Body (ULB),270.52,240.69,221.83,92.16,112,110.0,3940,3947.0,Completed,Fund utilization certificate pending,Sunita Reddy - Block Development Officer - sunita.reddy@nic.in
GFU00228,2022-23,2023-04-02,Maharashtra,Pune,Ministry of Rural Development,Pradhan Mantri Awas Yojana - Gramin,PMAY-G,Centrally Sponsored (60:40),District Panchayat / Zilla Parishad,457.14,316.83,193.56,61.09,89,20.0,930,202.0,Ongoing,  No remarks recorded  ,Ramesh Kumar - Assistant Engineer - ramesh.kumar@nic.in
GFU00662,2021-22,2024-05-22,Karnataka,Mysuru,Ministry of Agriculture & Farmers Welfare,Pradhan Mantri Fasal Bima Yojana,PMFBY,Central Sector,District Panchayat / Zilla Parishad,199.5,156.06,147.1,94.26,475,475.0,184,187.0,Completed,Awaiting third-party audit clearance,Kavita Rao - Scheme Nodal Officer - kavita.rao@nic.in
GFU00547,2022-23,2022-05-07,Bihar,patna,Ministry of Jal Shakti,Jal Jeevan Mission,JJM,Centrally Sponsored (90:10),Gram Panchayat,526.4,272.49,115.49,42.38,49,44.0,450,372.0,Delayed,Fund utilization certificate pending,Manoj Kumar - District Collector Office - manoj.kumar@nic.in
GFU00240,2021-22,2022-04-18,Kerala,Thiruvananthapuram,Ministry of Agriculture & Farmers Welfare,PM Kisan Samman Nidhi,PMKISAN,Central Sector,Gram Panchayat,323.77,277.08,167.08,60.3,390,320.0,3364,2573.0,Ongoing,Delay due to - heavy monsoon rainfall,Sanjay Singh - District Programme Coordinator - sanjay.singh@nic.in
GFU00683,2022-23,2022-12-29,Madhya Pradesh,jabalpur,Ministry of Health & Family Welfare,National Health Mission,NHM,Centrally Sponsored (60:40),State Nodal Agency,62.9,55.86,52.48,93.95,299,297.0,993,956.0,Completed,,Kavita Singh - Block Development Officer - kavita.singh@nic.in
GFU00794,2023-24,2024-01-03,West Bengal,Kolkata,Ministry of Agriculture & Farmers Welfare,Pradhan Mantri Fasal Bima Yojana,PMFBY,Central Sector,NGO / Partner Organisation,682.25,342.46,301.06,87.91,193,192.0,391,380.0,Completed,  Delay due to - land acquisition dispute  ,Meera Iyer - Block Development Officer - meera.iyer@nic.in
GFU00092,2024-25,2022-01-13,Tamil Nadu,Coimbatore,Ministry of Health & Family Welfare,National Health Mission,NHM,Centrally Sponsored (60:40),Gram Panchayat,519.92,293.09,262.21,89.46,207,205.0,3982,3828.0,Completed,Awaiting third-party audit clearance,Pooja Rao - Scheme Nodal Officer - pooja.rao@nic.in
GFU00782,2021-22,2024-02-23,Madhya Pradesh, Indore,Ministry of Education,Samagra Shiksha Abhiyan,SS,Centrally Sponsored (60:40),Gram Panchayat,619.73,314.06,311.02,99.03,363,114.0,4139,1285.0,Ongoing,  No remarks recorded  ,Ganesh Das - Scheme Nodal Officer - ganesh.das@nic.in
GFU00176,2023-24,2021-07-23,Tamil Nadu,Coimbatore,Ministry of Health & Family Welfare,Ayushman Bharat - Pradhan Mantri Jan Arogya Yojana,PMJAY,Centrally Sponsored (60:40),NGO / Partner Organisation,716.26,572.1,376.47,65.8,90,72.0,4726,3967.0,Ongoing,Delay due to - land acquisition dispute,Lakshmi Das - Block Development Officer - lakshmi.das@nic.in
GFU00195,2024-25,2021-05-02,Uttar Pradesh,Lucknow ,Ministry of Education,Samagra Shiksha Abhiyan,SS,Centrally Sponsored (60:40),District Panchayat / Zilla Parishad,695.18,507.24,0.0,0.0,203,0.0,4583,0.0,Not Started,  Fund utilization certificate pending  ,Kavita Nair - Scheme Nodal Officer - kavita.nair@nic.in
GFU00440,2021-22,2025-02-21,Bihar,Darbhanga,Ministry of Jal Shakti,Jal Jeevan Mission,JJM,Centrally Sponsored (90:10),District Panchayat / Zilla Parishad,474.76,444.82,399.4,89.79,384,382.0,2659,2665.0,Completed,  Awaiting third-party audit clearance  ,Meera Sharma - District Programme Coordinator - meera.sharma@nic.in
GFU00580,2022-23,2024-06-25,Madhya Pradesh,Ujjain,Ministry of Health & Family Welfare,Ayushman Bharat - Pradhan Mantri Jan Arogya Yojana,PMJAY,Centrally Sponsored (60:40),District Panchayat / Zilla Parishad,646.72,324.01,309.8,95.61,21,21.0,2132,1996.0,Completed,Delay due to - land acquisition dispute,Sunita Sharma - Assistant Engineer - sunita.sharma@nic.in
GFU00193,2023-24,2022-08-26,Madhya Pradesh,Ujjain,Ministry of Jal Shakti,Jal Jeevan Mission,JJM,Centrally Sponsored (90:10),NGO / Partner Organisation,444.91,419.97,160.72,38.27,431,221.0,4687,,Ongoing,No remarks recorded,Vinod Nair - District Programme Coordinator - vinod.nair@nic.in
GFU00500,2022-23,2024-01-28,Kerala,Kozhikode,Ministry of Health & Family Welfare,National Health Mission,NHM,Centrally Sponsored (60:40),Gram Panchayat,744.78,483.91,460.32,95.13,65,63.0,370,331.0,Ongoing,Material procurement in progress,Kavita Nair - District Collector Office - kavita.nair@nic.in
GFU00146,2024-25,2021-07-01,Kerala,Thiruvananthapuram,Ministry of Health & Family Welfare,Ayushman Bharat - Pradhan Mantri Jan Arogya Yojana,PMJAY,Centrally Sponsored (60:40),District Panchayat / Zilla Parishad,771.81,740.73,659.14,88.99,106,104.0,1998,1941.0,Completed,  Utilization certificate submitted and verified  ,Sanjay Chatterjee - Assistant Engineer - sanjay.chatterjee@nic.in
GFU00933,2022-23,2023-05-04,Madhya Pradesh,Bhopal,Ministry of Education,PM Poshan (Mid-Day Meal Scheme),PMPOSHAN,Centrally Sponsored (60:40),NGO / Partner Organisation,198.42,138.73,0.0,0.0,152,0.0,60,0.0,Not Started,  Fund utilization certificate pending  ,Arvind Nair - Assistant Engineer - arvind.nair@nic.in
GFU00564,2023-24,2025-03-12,Rajasthan,Kota,Ministry of Rural Development,Pradhan Mantri Gram Sadak Yojana,PMGSY,Centrally Sponsored (60:40),Urban Local Body (ULB),174.97,154.99,139.83,90.22,356,356.0,4458,4406.0,Completed,No remarks recorded,Anjali Patel - Block Development Officer - anjali.patel@nic.in
GFU00524,2024-25,2022-02-07,Maharashtra,Aurangabad ,Ministry of Rural Development,Mahatma Gandhi National Rural Employment Guarantee Scheme,MGNREGS,Centrally Sponsored (60:40),State Nodal Agency,91.13,86.45,30.7,35.51,484,389.0,2611,2193.0,Delayed,Awaiting third-party audit clearance,Ramesh Nair - Block Development Officer - ramesh.nair@nic.in
GFU00145,2024-25,2021-06-20,Karnataka,Belagavi,Ministry of Rural Development,Mahatma Gandhi National Rural Employment Guarantee Scheme,MGNREGS,Centrally Sponsored (60:40),State Nodal Agency,115.77,89.08,66.88,75.08,325,196.0,459,257.0,Delayed,Delay due to - land acquisition dispute,Anjali Iyer - Scheme Nodal Officer - anjali.iyer@nic.in
GFU00537,2023-24,2022-10-01,Uttar Pradesh, Varanasi,Ministry of Rural Development,Mahatma Gandhi National Rural Employment Guarantee Scheme,MGNREGS,Centrally Sponsored (60:40),District Panchayat / Zilla Parishad,503.94,438.18,383.93,87.62,446,444.0,2412,2426.0,Completed,Utilization certificate submitted and verified,Meera Kumar - District Collector Office - meera.kumar@nic.in
GFU00087,2024-25,2022-07-23,Madhya Pradesh, Jabalpur,Ministry of Rural Development,Pradhan Mantri Gram Sadak Yojana,PMGSY,Centrally Sponsored (60:40),Urban Local Body (ULB),527.86,467.74,425.61,90.99,387,211.0,2275,1140.0,Delayed,Delay due to - heavy monsoon rainfall,Vinod Singh - Scheme Nodal Officer - vinod.singh@nic.in
GFU00329,2023-24,2024-03-30,Tamil Nadu,Madurai,Ministry of Rural Development,Pradhan Mantri Gram Sadak Yojana,PMGSY,Centrally Sponsored (60:40),State Nodal Agency,759.11,709.43,0.0,0.0,107,0.0,2940,0.0,Not Started,Utilization certificate submitted and verified,Sanjay Rao - District Collector Office - sanjay.rao@nic.in
GFU00725,2023-24,2023-04-01,Rajasthan,Kota,Ministry of Health & Family Welfare,Ayushman Bharat - Pradhan Mantri Jan Arogya Yojana,PMJAY,Centrally Sponsored (60:40),NGO / Partner Organisation,695.48,620.0,613.06,98.88,178,177.0,2654,2656.0,Completed,Delay due to - land acquisition dispute,Pooja Reddy - Scheme Nodal Officer - pooja.reddy@nic.in
GFU00102,2024-25,2023-10-07,West Bengal,Durgapur,Ministry of Rural Development,Pradhan Mantri Gram Sadak Yojana,PMGSY,Centrally Sponsored (60:40),Gram Panchayat,348.43,325.74,,,314,0.0,4535,0.0,Not Started,Beneficiary list under revision,Pooja Kumar - District Programme Coordinator - pooja.kumar@nic.in
GFU00823,2023-24,2021-04-07,Gujarat,Rajkot,Ministry of Jal Shakti,Swachh Bharat Mission - Gramin,SBM-G,Centrally Sponsored (60:40),District Panchayat / Zilla Parishad,241.62,196.49,176.25,89.7,319,319.0,3506,,Completed,No remarks recorded,Manoj Patel - Block Development Officer - manoj.patel@nic.in
GFU00040,2023-24,2022-02-26,Madhya Pradesh, Ujjain,Ministry of Rural Development,Pradhan Mantri Gram Sadak Yojana,PMGSY,Centrally Sponsored (60:40),District Panchayat / Zilla Parishad,554.94,277.71,194.53,70.05,135,31.0,2578,573.0,Ongoing,Awaiting third-party audit clearance,Pooja Verma - District Collector Office - pooja.verma@nic.in
GFU00340,2023-24,2023-05-01,West Bengal,Siliguri ,Ministry of Jal Shakti,Swachh Bharat Mission - Gramin,SBM-G,Centrally Sponsored (60:40),Gram Panchayat,166.48,92.72,85.9,92.64,36,32.0,534,450.0,Ongoing,  Awaiting third-party audit clearance  ,Vinod Reddy - District Programme Coordinator - vinod.reddy@nic.in
GFU00884,2022-23,2022-12-24,Bihar,Darbhanga,Ministry of Education,PM Poshan (Mid-Day Meal Scheme),PMPOSHAN,Centrally Sponsored (60:40),Gram Panchayat,583.43,444.68,383.32,86.2,480,478.0,4445,4388.0,Completed,Awaiting third-party audit clearance,Sunita Verma - District Collector Office - sunita.verma@nic.in
GFU00811,2021-22,2022-09-30,Kerala,kochi,Ministry of Education,PM Poshan (Mid-Day Meal Scheme),PMPOSHAN,Centrally Sponsored (60:40),Gram Panchayat,413.31,283.49,165.74,58.46,325,279.0,1202,1040.0,Ongoing,,Vinod Das - Scheme Nodal Officer - vinod.das@nic.in
GFU00640,2023-24,2021-05-24,Gujarat,surat,Ministry of Agriculture & Farmers Welfare,Pradhan Mantri Fasal Bima Yojana,PMFBY,Central Sector,District Panchayat / Zilla Parishad,494.26,257.0,98.04,38.15,49,2.0,3266,130.0,Delayed,Beneficiary list under revision,Deepa Iyer - District Collector Office - deepa.iyer@nic.in
GFU00137,2023-24,2021-08-03,Uttar Pradesh,Kanpur,Ministry of Jal Shakti,Jal Jeevan Mission,JJM,Centrally Sponsored (90:10),Gram Panchayat,224.04,148.69,133.16,89.56,387,385.0,4498,4189.0,Completed,Work completed as per schedule,Anjali Singh - District Programme Coordinator - anjali.singh@nic.in
GFU00081,2021-22,2021-12-04,Kerala,Kozhikode,Ministry of Jal Shakti,Jal Jeevan Mission,JJM,Centrally Sponsored (90:10),Gram Panchayat,258.8,184.2,172.56,93.68,281,280.0,4574,4580.0,Completed,Delay due to - contractor mobilisation issue,Sanjay Iyer - District Collector Office - sanjay.iyer@nic.in
GFU00127,2023-24,2022-03-28,West Bengal,Siliguri,Ministry of Jal Shakti,Jal Jeevan Mission,JJM,Centrally Sponsored (90:10),NGO / Partner Organisation,634.55,547.4,508.92,92.97,48,3.0,196,11.0,Ongoing,No remarks recorded,Manoj Rao - District Programme Coordinator - manoj.rao@nic.in
GFU00119,2022-23,2023-08-18,Rajasthan,Udaipur,Ministry of Rural Development,Pradhan Mantri Awas Yojana - Gramin,PMAY-G,Centrally Sponsored (60:40),Urban Local Body (ULB),372.79,269.87,196.56,72.84,248,11.0,3641,151.0,Ongoing,Awaiting third-party audit clearance,Vinod Naik - Block Development Officer - vinod.naik@nic.in
GFU00839,2022-23,2024-09-27,Kerala,Kozhikode ,Ministry of Education,Samagra Shiksha Abhiyan,SS,Centrally Sponsored (60:40),District Panchayat / Zilla Parishad,135.8,76.57,71.05,92.79,403,403.0,4426,4173.0,Completed,No remarks recorded,Rakesh Naik - District Collector Office - rakesh.naik@nic.in
GFU00465,2024-25,2025-01-22,Kerala,Thrissur,Ministry of Agriculture & Farmers Welfare,PM Kisan Samman Nidhi,PMKISAN,Central Sector,District Panchayat / Zilla Parishad,109.39,85.8,0.0,0.0,491,0.0,605,0.0,Not Started,  Fund utilization certificate pending  ,Deepa Sharma - District Collector Office - deepa.sharma@nic.in
GFU00860,2023-24,2025-01-11,Rajasthan,Kota,Ministry of Rural Development,Pradhan Mantri Awas Yojana - Gramin,PMAY-G,Centrally Sponsored (60:40),Gram Panchayat,368.96,273.36,250.92,91.79,489,489.0,4902,4657.0,Completed,Utilization certificate submitted and verified,Vinod Das - District Collector Office - vinod.das@nic.in
GFU00392,2022-23,2024-03-19,Madhya Pradesh,Gwalior,Ministry of Rural Development,Pradhan Mantri Awas Yojana - Gramin,PMAY-G,Centrally Sponsored (60:40),District Panchayat / Zilla Parishad,699.75,602.77,579.27,96.1,366,365.0,4561,4515.0,Completed,No remarks recorded,Kavita Iyer - Assistant Engineer - kavita.iyer@nic.in
GFU00096,2023-24,2024-09-21,Madhya Pradesh,Gwalior,Ministry of Rural Development,Pradhan Mantri Gram Sadak Yojana,PMGSY,Centrally Sponsored (60:40),Gram Panchayat,40.97,31.31,27.27,87.1,62,61.0,4186,4001.0,Completed,Material procurement in progress,Sanjay Patel - Assistant Engineer - sanjay.patel@nic.in
GFU00920,2023-24,2024-07-04,Gujarat,Bhavnagar,Ministry of Jal Shakti,Swachh Bharat Mission - Gramin,SBM-G,Centrally Sponsored (60:40),Gram Panchayat,153.99,143.12,135.07,94.38,162,162.0,2401,2379.0,Completed,  Beneficiary list under revision  ,Ashok Yadav - District Collector Office - ashok.yadav@nic.in
GFU00776,2022-23,2023-06-11,Rajasthan,Jodhpur,Ministry of Jal Shakti,Jal Jeevan Mission,JJM,Centrally Sponsored (90:10),Gram Panchayat,567.28,531.41,379.71,71.45,448,15.0,3916,124.0,Ongoing,,Arvind Reddy - Assistant Engineer - arvind.reddy@nic.in
GFU00270,2024-25,2024-07-19,Tamil Nadu,Coimbatore,Ministry of Health & Family Welfare,Ayushman Bharat - Pradhan Mantri Jan Arogya Yojana,PMJAY,Centrally Sponsored (60:40),State Nodal Agency,608.23,547.18,335.11,61.24,211,1.0,2299,10.0,Delayed,Work completed as per schedule,Sunita Chatterjee - District Collector Office - sunita.chatterjee@nic.in
GFU00109,2023-24,2022-02-22,Tamil Nadu,madurai,Ministry of Health & Family Welfare,Ayushman Bharat - Pradhan Mantri Jan Arogya Yojana,PMJAY,Centrally Sponsored (60:40),Gram Panchayat,50.7,41.79,0.0,0.0,471,0.0,3070,0.0,Not Started,,Lakshmi Sharma - District Collector Office - lakshmi.sharma@nic.in
GFU00190,2022-23,2023-10-02,Madhya Pradesh,Indore,Ministry of Health & Family Welfare,Ayushman Bharat - Pradhan Mantri Jan Arogya Yojana,PMJAY,Centrally Sponsored (60:40),Gram Panchayat,246.2,181.08,160.93,88.87,103,103.0,2138,2134.0,Completed,  Beneficiary list under revision  ,Meera Nair - Scheme Nodal Officer - meera.nair@nic.in
GFU00668,2022-23,2022-11-30,Madhya Pradesh,Jabalpur,Ministry of Jal Shakti,Swachh Bharat Mission - Gramin,SBM-G,Centrally Sponsored (60:40),State Nodal Agency,175.93,137.62,,,185,0.0,3520,0.0,Not Started,Work completed as per schedule,Lakshmi Mishra - Scheme Nodal Officer - lakshmi.mishra@nic.in
GFU00899,2023-24,2022-05-06,Karnataka,Mysuru ,Ministry of Rural Development,Pradhan Mantri Awas Yojana - Gramin,PMAY-G,Centrally Sponsored (60:40),Gram Panchayat,718.11,514.51,483.65,94.0,135,134.0,3263,3055.0,Completed,Delay due to - heavy monsoon rainfall,Ramesh Kumar - District Programme Coordinator - ramesh.kumar@nic.in
GFU00125,2024-25,2024-12-07,Maharashtra,Nashik,Ministry of Agriculture & Farmers Welfare,Pradhan Mantri Fasal Bima Yojana,PMFBY,Central Sector,Gram Panchayat,534.8,449.16,0.0,0.0,60,0.0,3549,0.0,Not Started,  Awaiting third-party audit clearance  ,Deepa Patel - Scheme Nodal Officer - deepa.patel@nic.in
GFU00288,2024-25,2022-05-11,Maharashtra,Aurangabad,Ministry of Jal Shakti,Jal Jeevan Mission,JJM,Centrally Sponsored (90:10),State Nodal Agency,252.27,191.59,82.04,42.82,128,72.0,489,248.0,Ongoing,Fund utilization certificate pending,Anjali Chatterjee - Block Development Officer - anjali.chatterjee@nic.in
GFU00322,2022-23,2024-09-21,Gujarat,Bhavnagar,Ministry of Rural Development,Pradhan Mantri Awas Yojana - Gramin,PMAY-G,Centrally Sponsored (60:40),Gram Panchayat,129.57,84.01,73.7,87.73,177,175.0,3349,3147.0,Completed,Awaiting third-party audit clearance,Sunita Naik - Assistant Engineer - sunita.naik@nic.in
GFU00042,2024-25,2024-06-28,Karnataka,Belagavi,Ministry of Education,PM Poshan (Mid-Day Meal Scheme),PMPOSHAN,Centrally Sponsored (60:40),State Nodal Agency,191.02,123.6,,,376,375.0,1236,1238.0,Completed,Fund utilization certificate pending,Pooja Das - Scheme Nodal Officer - pooja.das@nic.in
GFU00410,2021-22,2022-02-10,Uttar Pradesh,Varanasi,Ministry of Health & Family Welfare,National Health Mission,NHM,Centrally Sponsored (60:40),State Nodal Agency,288.7,198.27,110.37,55.67,431,242.0,1952,1098.0,Ongoing,Beneficiary list under revision,Pooja Mishra - District Programme Coordinator - pooja.mishra@nic.in
GFU00006,2024-25,2022-11-21,Kerala,Thiruvananthapuram,Ministry of Health & Family Welfare,National Health Mission,NHM,Centrally Sponsored (60:40),Gram Panchayat,74.02,50.23,,,90,30.0,3997,1346.0,Ongoing,Material procurement in progress,Pooja Nair - District Programme Coordinator - pooja.nair@nic.in
GFU00065,2024-25,2024-12-31,West Bengal,Howrah,Ministry of Health & Family Welfare,National Health Mission,NHM,Centrally Sponsored (60:40),District Panchayat / Zilla Parishad,263.13,190.35,162.31,85.27,349,349.0,1601,1524.0,Completed,Material procurement in progress,Rakesh Verma - Assistant Engineer - rakesh.verma@nic.in
GFU00217,2024-25,2021-04-10,Rajasthan,Udaipur,Ministry of Health & Family Welfare,National Health Mission,NHM,Centrally Sponsored (60:40),Urban Local Body (ULB),517.17,296.89,266.11,89.63,10,9.0,4807,4429.0,Ongoing,No remarks recorded,Deepa Verma - Scheme Nodal Officer - deepa.verma@nic.in
GFU00046,2023-24,2024-12-03,Gujarat,Bhavnagar,Ministry of Education,PM Poshan (Mid-Day Meal Scheme),PMPOSHAN,Centrally Sponsored (60:40),District Panchayat / Zilla Parishad,71.15,53.95,44.88,83.19,5,0.0,4478,0.0,Ongoing,Beneficiary list under revision,Sanjay Singh - Scheme Nodal Officer - sanjay.singh@nic.in
GFU00236,2022-23,2022-04-13,Bihar, Darbhanga,Ministry of Agriculture & Farmers Welfare,PM Kisan Samman Nidhi,PMKISAN,Central Sector,NGO / Partner Organisation,258.88,220.96,213.85,96.78,393,393.0,3582,3358.0,Completed,Beneficiary list under revision,Anjali Mishra - District Collector Office - anjali.mishra@nic.in
GFU00998,2024-25,2024-01-02,Gujarat,Ahmedabad,Ministry of Rural Development,Pradhan Mantri Gram Sadak Yojana,PMGSY,Centrally Sponsored (60:40),Gram Panchayat,177.18,94.8,80.63,85.05,459,459.0,1322,,Completed,  No remarks recorded  ,Sanjay Singh - Assistant Engineer - sanjay.singh@nic.in
GFU00004,2023-24,2022-12-28,Kerala,Kochi,Ministry of Rural Development,Mahatma Gandhi National Rural Employment Guarantee Scheme,MGNREGS,Centrally Sponsored (60:40),District Panchayat / Zilla Parishad,139.92,115.37,,,304,0.0,3688,0.0,Not Started,  Delay due to - contractor mobilisation issue  ,Arvind Nair - District Collector Office - arvind.nair@nic.in
GFU00535,2023-24,2023-02-02,Rajasthan,Jaipur,Ministry of Agriculture & Farmers Welfare,PM Kisan Samman Nidhi,PMKISAN,Central Sector,Gram Panchayat,92.46,50.71,24.6,48.51,54,18.0,1788,574.0,Delayed,,Manoj Mishra - Block Development Officer - manoj.mishra@nic.in
GFU00807,2024-25,2021-05-14,Gujarat,Bhavnagar,Ministry of Rural Development,Pradhan Mantri Gram Sadak Yojana,PMGSY,Centrally Sponsored (60:40),Urban Local Body (ULB),592.19,420.99,314.21,74.64,258,122.0,2184,1002.0,Delayed,Utilization certificate submitted and verified,Ramesh Verma - District Collector Office - ramesh.verma@nic.in
GFU00451,2024-25,2021-05-04,West Bengal,Durgapur,Ministry of Jal Shakti,Swachh Bharat Mission - Gramin,SBM-G,Centrally Sponsored (60:40),Gram Panchayat,119.17,84.12,27.53,32.73,470,28.0,2522,144.0,Ongoing,  Utilization certificate submitted and verified  ,Deepa Nair - District Programme Coordinator - deepa.nair@nic.in
GFU00677,2022-23,2024-04-19,Bihar,muzaffarpur,Ministry of Agriculture & Farmers Welfare,Pradhan Mantri Fasal Bima Yojana,PMFBY,Central Sector,District Panchayat / Zilla Parishad,84.7,43.69,20.73,47.45,152,39.0,803,211.0,Ongoing,Beneficiary list under revision,Ashok Naik - Scheme Nodal Officer - ashok.naik@nic.in
GFU00566,2023-24,2024-12-13,Uttar Pradesh,Lucknow,Ministry of Rural Development,Pradhan Mantri Gram Sadak Yojana,PMGSY,Centrally Sponsored (60:40),Urban Local Body (ULB),114.46,83.24,75.63,90.86,239,237.0,4967,4756.0,Completed,  Work completed as per schedule  ,Pooja Iyer - Block Development Officer - pooja.iyer@nic.in
GFU00615,2023-24,2022-08-03,Tamil Nadu,Coimbatore,Ministry of Agriculture & Farmers Welfare,PM Kisan Samman Nidhi,PMKISAN,Central Sector,Gram Panchayat,297.86,277.47,140.51,50.64,207,56.0,3595,890.0,Ongoing,  Utilization certificate submitted and verified  ,Meera Das - District Programme Coordinator - meera.das@nic.in
GFU00742,2022-23,2021-09-24,Tamil Nadu,Madurai,Ministry of Agriculture & Farmers Welfare,Pradhan Mantri Fasal Bima Yojana,PMFBY,Central Sector,Gram Panchayat,270.25,218.39,,,455,455.0,3918,3536.0,Completed,No remarks recorded,Deepa Iyer - Assistant Engineer - deepa.iyer@nic.in
GFU00337,2024-25,2023-02-11,Madhya Pradesh,Indore,Ministry of Education,PM Poshan (Mid-Day Meal Scheme),PMPOSHAN,Centrally Sponsored (60:40),Gram Panchayat,198.67,185.44,0.0,0.0,234,0.0,4414,0.0,Not Started,Work completed as per schedule,Anjali Verma - District Collector Office - anjali.verma@nic.in
GFU00453,2023-24,2021-06-01,Karnataka,mangaluru,Ministry of Education,PM Poshan (Mid-Day Meal Scheme),PMPOSHAN,Centrally Sponsored (60:40),NGO / Partner Organisation,630.2,401.45,191.99,47.82,82,56.0,4666,3153.0,Ongoing,No remarks recorded,Lakshmi Nair - District Programme Coordinator - lakshmi.nair@nic.in
GFU00469,2022-23,2022-10-01,Tamil Nadu,Tiruchirappalli,Ministry of Jal Shakti,Swachh Bharat Mission - Gramin,SBM-G,Centrally Sponsored (60:40),Gram Panchayat,59.41,56.8,49.09,86.43,280,279.0,4909,4520.0,Completed,Delay due to - land acquisition dispute,Deepa Naik - Block Development Officer - deepa.naik@nic.in
GFU00522,2023-24,2021-06-19,Karnataka,Hubballi,Ministry of Rural Development,Pradhan Mantri Awas Yojana - Gramin,PMAY-G,Centrally Sponsored (60:40),Urban Local Body (ULB),35.23,21.04,20.01,95.1,161,160.0,1577,1568.0,Completed,Delay due to - heavy monsoon rainfall,Lakshmi Verma - Scheme Nodal Officer - lakshmi.verma@nic.in
GFU00305,2021-22,2024-07-02,West Bengal,Durgapur,Ministry of Education,PM Poshan (Mid-Day Meal Scheme),PMPOSHAN,Centrally Sponsored (60:40),District Panchayat / Zilla Parishad,666.22,406.04,399.29,98.34,89,45.0,1046,479.0,Ongoing,Delay due to - heavy monsoon rainfall,Meera Iyer - Assistant Engineer - meera.iyer@nic.in
GFU00722,2021-22,2023-05-14,Kerala,Kochi,Ministry of Agriculture & Farmers Welfare,Pradhan Mantri Fasal Bima Yojana,PMFBY,Central Sector,Gram Panchayat,420.8,360.91,111.54,30.91,451,269.0,4033,2345.0,Ongoing,Awaiting third-party audit clearance,Ashok Rao - District Collector Office - ashok.rao@nic.in
GFU00334,2023-24,2023-03-27,West Bengal,Howrah,Ministry of Education,Samagra Shiksha Abhiyan,SS,Centrally Sponsored (60:40),State Nodal Agency,48.36,28.88,12.91,44.7,23,18.0,886,718.0,Ongoing,Utilization certificate submitted and verified,Sunita Rao - District Collector Office - sunita.rao@nic.in
GFU00291,2023-24,2022-11-02,Maharashtra,Aurangabad,Ministry of Rural Development,Mahatma Gandhi National Rural Employment Guarantee Scheme,MGNREGS,Centrally Sponsored (60:40),NGO / Partner Organisation,581.68,403.9,367.42,90.97,26,25.0,999,867.0,Completed,  Work completed as per schedule  ,Sanjay Sharma - District Programme Coordinator - sanjay.sharma@nic.in
GFU00527,2022-23,2024-12-12,Gujarat,Ahmedabad,Ministry of Jal Shakti,Swachh Bharat Mission - Gramin,SBM-G,Centrally Sponsored (60:40),District Panchayat / Zilla Parishad,650.87,353.96,335.62,94.82,303,272.0,3856,3316.0,Ongoing,No remarks recorded,Deepa Reddy - District Programme Coordinator - deepa.reddy@nic.in
GFU00165,2024-25,2024-03-20,Rajasthan, Ajmer,Ministry of Health & Family Welfare,National Health Mission,NHM,Centrally Sponsored (60:40),Urban Local Body (ULB),753.2,613.94,510.02,83.07,322,226.0,693,466.0,Delayed,Delay due to - contractor mobilisation issue,Meera Chatterjee - Assistant Engineer - meera.chatterjee@nic.in
GFU00783,2022-23,2025-03-11,Kerala,Kollam,Ministry of Health & Family Welfare,National Health Mission,NHM,Centrally Sponsored (60:40),District Panchayat / Zilla Parishad,186.9,138.25,136.28,98.58,325,324.0,2017,1964.0,Completed,No remarks recorded,Ramesh Singh - District Collector Office - ramesh.singh@nic.in
GFU00576,2022-23,2024-10-04,Karnataka,Mangaluru ,Ministry of Jal Shakti,Jal Jeevan Mission,JJM,Centrally Sponsored (90:10),District Panchayat / Zilla Parishad,183.11,121.14,51.85,42.8,30,10.0,1169,379.0,Delayed,Work completed as per schedule,Anjali Nair - Scheme Nodal Officer - anjali.nair@nic.in
GFU00993,2024-25,2022-02-22,Gujarat,surat,Ministry of Jal Shakti,Swachh Bharat Mission - Gramin,SBM-G,Centrally Sponsored (60:40),District Panchayat / Zilla Parishad,173.79,97.9,42.37,43.28,476,376.0,3853,2810.0,Delayed,,Vinod Sharma - Assistant Engineer - vinod.sharma@nic.in
GFU00714,2024-25,2021-12-27,Bihar,Patna,Ministry of Health & Family Welfare,National Health Mission,NHM,Centrally Sponsored (60:40),State Nodal Agency,766.51,692.02,,,127,69.0,4858,2748.0,Delayed,Delay due to - contractor mobilisation issue,Lakshmi Sharma - Block Development Officer - lakshmi.sharma@nic.in
GFU00079,2021-22,2022-04-28,Gujarat,Vadodara,Ministry of Education,PM Poshan (Mid-Day Meal Scheme),PMPOSHAN,Centrally Sponsored (60:40),District Panchayat / Zilla Parishad,633.08,480.94,301.78,62.75,177,96.0,1094,,Ongoing,  Work completed as per schedule  ,Kavita Nair - District Collector Office - kavita.nair@nic.in
GFU00110,2023-24,2025-02-09,Madhya Pradesh,Ujjain,Ministry of Jal Shakti,Jal Jeevan Mission,JJM,Centrally Sponsored (90:10),NGO / Partner Organisation,529.48,280.04,180.0,64.28,334,169.0,4091,2060.0,Ongoing,,Kavita Singh - District Programme Coordinator - kavita.singh@nic.in
GFU00202,2023-24,2024-01-02,Kerala,Kozhikode,Ministry of Rural Development,Pradhan Mantri Awas Yojana - Gramin,PMAY-G,Centrally Sponsored (60:40),State Nodal Agency,224.98,189.57,0.0,0.0,9,0.0,3635,,Not Started,,Ganesh Mishra - District Collector Office - ganesh.mishra@nic.in
GFU00466,2021-22,2024-04-24,Madhya Pradesh,gwalior,Ministry of Rural Development,Pradhan Mantri Awas Yojana - Gramin,PMAY-G,Centrally Sponsored (60:40),NGO / Partner Organisation,74.51,56.53,43.02,76.1,455,67.0,1644,250.0,Delayed,  Delay due to - contractor mobilisation issue  ,Anjali Kumar - District Programme Coordinator - anjali.kumar@nic.in
GFU00144,2023-24,2022-05-17,Tamil Nadu,Salem,Ministry of Health & Family Welfare,National Health Mission,NHM,Centrally Sponsored (60:40),Urban Local Body (ULB),164.84,153.32,128.94,84.1,138,66.0,4685,2246.0,Ongoing,Work completed as per schedule,Ashok Chatterjee - District Programme Coordinator - ashok.chatterjee@nic.in
GFU00906,2021-22,2022-04-09,Rajasthan,Udaipur,Ministry of Agriculture & Farmers Welfare,PM Kisan Samman Nidhi,PMKISAN,Central Sector,District Panchayat / Zilla Parishad,474.58,333.52,,,470,468.0,1684,1692.0,Completed,Delay due to - contractor mobilisation issue,Lakshmi Reddy - District Collector Office - lakshmi.reddy@nic.in
GFU00207,2024-25,2021-04-18,Rajasthan,Kota,Ministry of Jal Shakti,Swachh Bharat Mission - Gramin,SBM-G,Centrally Sponsored (60:40),State Nodal Agency,368.74,189.04,179.91,95.17,349,228.0,283,192.0,Delayed,Delay due to - land acquisition dispute,Manoj Verma - Assistant Engineer - manoj.verma@nic.in
GFU00264,2024-25,2024-11-10,Tamil Nadu, Tiruchirappalli,Ministry of Jal Shakti,Jal Jeevan Mission,JJM,Centrally Sponsored (90:10),Gram Panchayat,130.61,124.82,111.14,89.04,367,223.0,3323,2045.0,Ongoing,Awaiting third-party audit clearance,Deepa Verma - District Collector Office - deepa.verma@nic.in
GFU00331,2022-23,2021-09-15,Bihar,Muzaffarpur,Ministry of Jal Shakti,Swachh Bharat Mission - Gramin,SBM-G,Centrally Sponsored (60:40),Gram Panchayat,171.0,148.98,84.77,56.9,169,,2008,996.0,Ongoing,Work completed as per schedule,Arvind Naik - Block Development Officer - arvind.naik@nic.in
GFU00103,2022-23,2023-04-18,West Bengal,Howrah,Ministry of Health & Family Welfare,National Health Mission,NHM,Centrally Sponsored (60:40),Gram Panchayat,319.88,296.16,287.48,97.07,108,108.0,3950,3958.0,Completed,Work completed as per schedule,Ashok Singh - Scheme Nodal Officer - ashok.singh@nic.in
GFU00772,2023-24,2024-12-31,Kerala,Kozhikode,Ministry of Rural Development,Mahatma Gandhi National Rural Employment Guarantee Scheme,MGNREGS,Centrally Sponsored (60:40),State Nodal Agency,293.28,286.97,257.81,89.84,175,175.0,1255,1227.0,Completed,  Delay due to - heavy monsoon rainfall  ,Sanjay Kumar - Assistant Engineer - sanjay.kumar@nic.in
GFU00047,2023-24,2021-08-01,Uttar Pradesh,Agra,Ministry of Jal Shakti,Jal Jeevan Mission,JJM,Centrally Sponsored (90:10),Urban Local Body (ULB),230.13,160.27,0.0,0.0,396,0.0,1579,0.0,Not Started,Work completed as per schedule,Ganesh Patel - District Collector Office - ganesh.patel@nic.in
GFU00005,2022-23,2024-07-18,Gujarat,Surat,Ministry of Jal Shakti,Swachh Bharat Mission - Gramin,SBM-G,Centrally Sponsored (60:40),NGO / Partner Organisation,425.51,397.45,365.22,91.89,139,139.0,2004,2018.0,Completed,,Manoj Sharma - Assistant Engineer - manoj.sharma@nic.in
GFU00768,2023-24,2023-12-20,Kerala,kollam,Ministry of Jal Shakti,Swachh Bharat Mission - Gramin,SBM-G,Centrally Sponsored (60:40),Gram Panchayat,714.03,628.66,535.76,85.22,418,134.0,3723,1245.0,Ongoing,Material procurement in progress,Vinod Kumar - District Programme Coordinator - vinod.kumar@nic.in
GFU00124,2024-25,2022-11-04,West Bengal,Asansol,Ministry of Education,PM Poshan (Mid-Day Meal Scheme),PMPOSHAN,Centrally Sponsored (60:40),State Nodal Agency,205.9,160.43,74.38,46.36,89,52.0,4017,2113.0,Ongoing,  Awaiting third-party audit clearance  ,Sunita Kumar - Block Development Officer - sunita.kumar@nic.in
GFU00492,2023-24,2021-08-17,Gujarat,Ahmedabad,Ministry of Health & Family Welfare,National Health Mission,NHM,Centrally Sponsored (60:40),Gram Panchayat,68.08,39.94,29.45,73.74,444,340.0,3512,2640.0,Ongoing,Work completed as per schedule,Pooja Singh - District Collector Office - pooja.singh@nic.in
GFU00212,2024-25,2021-08-25,Madhya Pradesh,Ujjain ,Ministry of Health & Family Welfare,Ayushman Bharat - Pradhan Mantri Jan Arogya Yojana,PMJAY,Centrally Sponsored (60:40),Gram Panchayat,366.9,349.34,341.91,97.87,177,176.0,1838,1852.0,Completed,Delay due to - heavy monsoon rainfall,Anjali Kumar - Assistant Engineer - anjali.kumar@nic.in
GFU00363,2023-24,2023-12-13,Gujarat,Bhavnagar,Ministry of Agriculture & Farmers Welfare,Pradhan Mantri Fasal Bima Yojana,PMFBY,Central Sector,Gram Panchayat,767.29,679.31,0.0,0.0,295,0.0,3001,0.0,Not Started,Fund utilization certificate pending,Ganesh Nair - District Programme Coordinator - ganesh.nair@nic.in
GFU00809,2021-22,2023-07-02,Gujarat,rajkot,Ministry of Rural Development,Pradhan Mantri Awas Yojana - Gramin,PMAY-G,Centrally Sponsored (60:40),NGO / Partner Organisation,774.78,632.24,390.7,61.8,179,41.0,3157,657.0,Delayed,No remarks recorded,Meera Patel - District Programme Coordinator - meera.patel@nic.in
GFU00441,2024-25,2022-05-09,West Bengal,Siliguri,Ministry of Health & Family Welfare,Ayushman Bharat - Pradhan Mantri Jan Arogya Yojana,PMJAY,Centrally Sponsored (60:40),Urban Local Body (ULB),629.07,622.18,557.63,89.63,87,59.0,2583,1690.0,Ongoing,,Arvind Patel - Scheme Nodal Officer - arvind.patel@nic.in
GFU00233,2023-24,2025-01-31,Madhya Pradesh,Jabalpur,Ministry of Agriculture & Farmers Welfare,PM Kisan Samman Nidhi,PMKISAN,Central Sector,Urban Local Body (ULB),169.24,149.43,146.62,98.12,229,227.0,2173,,Completed,Beneficiary list under revision,Ashok Iyer - District Collector Office - ashok.iyer@nic.in
GFU00758,2022-23,2021-10-26,Kerala,Kozhikode,Ministry of Jal Shakti,Swachh Bharat Mission - Gramin,SBM-G,Centrally Sponsored (60:40),State Nodal Agency,738.53,405.11,366.65,90.51,150,148.0,4638,4365.0,Completed,  Awaiting third-party audit clearance  ,Lakshmi Naik - District Collector Office - lakshmi.naik@nic.in
GFU00479,2022-23,2024-03-10,Karnataka,Mysuru,Ministry of Rural Development,Pradhan Mantri Gram Sadak Yojana,PMGSY,Centrally Sponsored (60:40),State Nodal Agency,422.59,356.67,303.89,85.2,418,416.0,4627,4638.0,Completed,  Delay due to - heavy monsoon rainfall  ,Kavita Reddy - Scheme Nodal Officer - kavita.reddy@nic.in
GFU00629,2024-25,2022-04-10,Gujarat,Rajkot,Ministry of Jal Shakti,Swachh Bharat Mission - Gramin,SBM-G,Centrally Sponsored (60:40),Urban Local Body (ULB),356.69,182.12,83.88,46.06,481,321.0,1803,1210.0,Delayed,Fund utilization certificate pending,Lakshmi Kumar - District Collector Office - lakshmi.kumar@nic.in
GFU00922,2021-22,2023-11-07,Bihar,Bhagalpur,Ministry of Education,PM Poshan (Mid-Day Meal Scheme),PMPOSHAN,Centrally Sponsored (60:40),Gram Panchayat,29.95,25.26,25.02,99.05,192,79.0,1736,676.0,Delayed,Delay due to - land acquisition dispute,Arvind Mishra - Assistant Engineer - arvind.mishra@nic.in
GFU00903,2021-22,2021-04-25,Madhya Pradesh,Jabalpur,Ministry of Education,PM Poshan (Mid-Day Meal Scheme),PMPOSHAN,Centrally Sponsored (60:40),State Nodal Agency,61.0,33.37,31.47,94.31,56,56.0,1261,1193.0,Completed,Delay due to - land acquisition dispute,Lakshmi Das - District Collector Office - lakshmi.das@nic.in
GFU00870,2021-22,2022-05-11,Tamil Nadu,Coimbatore,Ministry of Health & Family Welfare,Ayushman Bharat - Pradhan Mantri Jan Arogya Yojana,PMJAY,Centrally Sponsored (60:40),State Nodal Agency,187.98,97.55,48.77,49.99,22,10.0,1097,455.0,Delayed,Material procurement in progress,Ramesh Kumar - District Collector Office - ramesh.kumar@nic.in
GFU00568,2021-22,2022-12-24,West Bengal,Durgapur,Ministry of Rural Development,Mahatma Gandhi National Rural Employment Guarantee Scheme,MGNREGS,Centrally Sponsored (60:40),State Nodal Agency,675.91,450.17,245.4,54.51,182,139.0,2811,2052.0,Ongoing,Fund utilization certificate pending,Ganesh Yadav - District Programme Coordinator - ganesh.yadav@nic.in
GFU00215,2024-25,2025-02-19,Maharashtra,Nashik,Ministry of Rural Development,Mahatma Gandhi National Rural Employment Guarantee Scheme,MGNREGS,Centrally Sponsored (60:40),District Panchayat / Zilla Parishad,256.69,232.71,119.29,51.26,79,62.0,959,690.0,Ongoing,Delay due to - heavy monsoon rainfall,Rakesh Naik - Scheme Nodal Officer - rakesh.naik@nic.in
GFU00473,2023-24,2022-03-09,Kerala,Kollam,Ministry of Health & Family Welfare,Ayushman Bharat - Pradhan Mantri Jan Arogya Yojana,PMJAY,Centrally Sponsored (60:40),Urban Local Body (ULB),459.11,347.78,287.48,82.66,160,86.0,3378,1735.0,Ongoing,No remarks recorded,Ramesh Das - District Programme Coordinator - ramesh.das@nic.in
GFU00138,2022-23,2023-03-19,Gujarat,Ahmedabad,Ministry of Jal Shakti,Jal Jeevan Mission,JJM,Centrally Sponsored (90:10),District Panchayat / Zilla Parishad,645.08,470.38,437.36,92.98,283,281.0,3085,3081.0,Completed,Work completed as per schedule,Sanjay Kumar - District Programme Coordinator - sanjay.kumar@nic.in
GFU00800,2022-23,2022-11-22,Madhya Pradesh,Bhopal,Ministry of Agriculture & Farmers Welfare,PM Kisan Samman Nidhi,PMKISAN,Central Sector,Gram Panchayat,270.71,154.02,93.14,60.47,151,,1624,1642.0,Ongoing,Material procurement in progress,Ganesh Das - District Programme Coordinator - ganesh.das@nic.in
GFU00985,2021-22,2022-06-18,Tamil Nadu, Salem,Ministry of Rural Development,Mahatma Gandhi National Rural Employment Guarantee Scheme,MGNREGS,Centrally Sponsored (60:40),State Nodal Agency,794.38,781.38,725.56,92.86,220,220.0,3012,3026.0,Completed,No remarks recorded,Deepa Verma - Assistant Engineer - deepa.verma@nic.in
GFU00112,2023-24,2021-11-26,West Bengal,Siliguri,Ministry of Education,PM Poshan (Mid-Day Meal Scheme),PMPOSHAN,Centrally Sponsored (60:40),District Panchayat / Zilla Parishad,330.65,174.89,167.52,95.79,195,194.0,1903,1736.0,Completed,Work completed as per schedule,Kavita Mishra - Block Development Officer - kavita.mishra@nic.in
GFU00416,2024-25,2023-11-23,Gujarat,rajkot,Ministry of Rural Development,Pradhan Mantri Awas Yojana - Gramin,PMAY-G,Centrally Sponsored (60:40),NGO / Partner Organisation,191.61,144.47,98.85,68.42,15,8.0,1261,612.0,Ongoing,  Utilization certificate submitted and verified  ,Sanjay Nair - District Collector Office - sanjay.nair@nic.in
GFU00843,2024-25,2024-04-12,Kerala,Thiruvananthapuram,Ministry of Rural Development,Mahatma Gandhi National Rural Employment Guarantee Scheme,MGNREGS,Centrally Sponsored (60:40),Gram Panchayat,779.65,507.76,475.47,93.64,205,119.0,419,232.0,Delayed,Beneficiary list under revision,Kavita Sharma - Scheme Nodal Officer - kavita.sharma@nic.in
GFU00017,2021-22,2025-02-27,Rajasthan,Udaipur,Ministry of Rural Development,Pradhan Mantri Gram Sadak Yojana,PMGSY,Centrally Sponsored (60:40),Gram Panchayat,685.61,558.31,555.81,99.55,296,295.0,1048,1002.0,Completed,  Awaiting third-party audit clearance  ,Meera Verma - District Collector Office - meera.verma@nic.in
GFU00847,2024-25,2024-02-08,Maharashtra,Aurangabad,Ministry of Agriculture & Farmers Welfare,Pradhan Mantri Fasal Bima Yojana,PMFBY,Central Sector,District Panchayat / Zilla Parishad,84.19,75.94,40.35,53.13,106,2.0,4935,,Ongoing,No remarks recorded,Sunita Reddy - Scheme Nodal Officer - sunita.reddy@nic.in
GFU00135,2024-25,2024-05-07,Maharashtra,Aurangabad,Ministry of Rural Development,Mahatma Gandhi National Rural Employment Guarantee Scheme,MGNREGS,Centrally Sponsored (60:40),Gram Panchayat,93.38,91.55,79.85,87.22,459,200.0,4821,2109.0,Delayed,  Fund utilization certificate pending  ,Meera Naik - Scheme Nodal Officer - meera.naik@nic.in
GFU00869,2024-25,2023-04-09,Madhya Pradesh,Indore ,Ministry of Jal Shakti,Jal Jeevan Mission,JJM,Centrally Sponsored (90:10),Gram Panchayat,443.82,298.98,123.86,41.43,317,,1677,1028.0,Ongoing,Beneficiary list under revision,Sunita Iyer - District Collector Office - sunita.iyer@nic.in
GFU00652,2022-23,2022-09-22,Kerala,Kochi,Ministry of Health & Family Welfare,Ayushman Bharat - Pradhan Mantri Jan Arogya Yojana,PMJAY,Centrally Sponsored (60:40),Gram Panchayat,760.14,427.45,244.61,57.23,395,372.0,4614,,Ongoing,Delay due to - heavy monsoon rainfall,Kavita Yadav - District Collector Office - kavita.yadav@nic.in
GFU00695,2024-25,2024-01-15,Maharashtra,Kolhapur,Ministry of Jal Shakti,Swachh Bharat Mission - Gramin,SBM-G,Centrally Sponsored (60:40),State Nodal Agency,400.79,308.79,198.41,64.25,9,3.0,4341,1389.0,Delayed,,Anjali Reddy - District Programme Coordinator - anjali.reddy@nic.in
GFU00191,2023-24,2021-12-09,Bihar,Gaya,Ministry of Jal Shakti,Jal Jeevan Mission,JJM,Centrally Sponsored (90:10),District Panchayat / Zilla Parishad,529.94,438.36,370.55,84.53,370,335.0,2440,2035.0,Ongoing,,Rakesh Naik - Block Development Officer - rakesh.naik@nic.in
GFU00402,2024-25,2024-05-22,Bihar, Bhagalpur,Ministry of Education,PM Poshan (Mid-Day Meal Scheme),PMPOSHAN,Centrally Sponsored (60:40),District Panchayat / Zilla Parishad,236.45,123.44,74.26,60.16,216,,2323,1605.0,Delayed,Delay due to - land acquisition dispute,Sanjay Patel - Block Development Officer - sanjay.patel@nic.in
GFU00699,2024-25,2023-11-04,Tamil Nadu, Tiruchirappalli,Ministry of Jal Shakti,Swachh Bharat Mission - Gramin,SBM-G,Centrally Sponsored (60:40),District Panchayat / Zilla Parishad,390.35,288.8,245.74,85.09,337,335.0,2076,2062.0,Completed,Delay due to - heavy monsoon rainfall,Arvind Kumar - District Programme Coordinator - arvind.kumar@nic.in
GFU00147,2024-25,2022-02-03,Rajasthan,Ajmer,Ministry of Health & Family Welfare,National Health Mission,NHM,Centrally Sponsored (60:40),State Nodal Agency,386.65,272.68,237.85,87.23,312,311.0,2677,2553.0,Completed,Material procurement in progress,Kavita Naik - Scheme Nodal Officer - kavita.naik@nic.in
GFU00898,2024-25,2022-04-23,Gujarat,Ahmedabad,Ministry of Health & Family Welfare,National Health Mission,NHM,Centrally Sponsored (60:40),Urban Local Body (ULB),199.4,131.43,120.41,91.62,386,386.0,3415,3431.0,Completed,,Deepa Singh - Block Development Officer - deepa.singh@nic.in
GFU00706,2022-23,2021-04-04,Maharashtra,Pune ,Ministry of Rural Development,Pradhan Mantri Awas Yojana - Gramin,PMAY-G,Centrally Sponsored (60:40),District Panchayat / Zilla Parishad,409.34,293.41,150.75,51.38,489,385.0,3136,2257.0,Ongoing,,Arvind Nair - District Programme Coordinator - arvind.nair@nic.in
GFU00459,2024-25,2022-11-06,Tamil Nadu,Chennai,Ministry of Health & Family Welfare,Ayushman Bharat - Pradhan Mantri Jan Arogya Yojana,PMJAY,Centrally Sponsored (60:40),Gram Panchayat,60.54,60.16,26.9,44.71,173,137.0,4538,3556.0,Delayed,Delay due to - heavy monsoon rainfall,Sunita Patel - District Collector Office - sunita.patel@nic.in
GFU00350,2024-25,2021-11-08,Bihar,darbhanga,Ministry of Health & Family Welfare,Ayushman Bharat - Pradhan Mantri Jan Arogya Yojana,PMJAY,Centrally Sponsored (60:40),District Panchayat / Zilla Parishad,705.61,467.69,220.72,47.19,430,166.0,3900,1387.0,Delayed,Material procurement in progress,Kavita Das - Assistant Engineer - kavita.das@nic.in
GFU00943,2023-24,2021-08-22,Maharashtra, Nashik,Ministry of Education,Samagra Shiksha Abhiyan,SS,Centrally Sponsored (60:40),Gram Panchayat,447.86,340.06,314.66,92.53,470,470.0,2748,2761.0,Completed,Delay due to - contractor mobilisation issue,Anjali Yadav - Assistant Engineer - anjali.yadav@nic.in
GFU00963,2024-25,2024-01-22,Bihar,Darbhanga,Ministry of Rural Development,Pradhan Mantri Awas Yojana - Gramin,PMAY-G,Centrally Sponsored (60:40),State Nodal Agency,198.77,149.74,125.51,83.82,485,112.0,2572,559.0,Ongoing,Delay due to - land acquisition dispute,Lakshmi Naik - Block Development Officer - lakshmi.naik@nic.in
GFU00238,2023-24,2022-01-12,Tamil Nadu,Salem,Ministry of Health & Family Welfare,Ayushman Bharat - Pradhan Mantri Jan Arogya Yojana,PMJAY,Centrally Sponsored (60:40),State Nodal Agency,409.27,378.7,329.66,87.05,423,423.0,1987,1991.0,Completed,Delay due to - heavy monsoon rainfall,Meera Iyer - Block Development Officer - meera.iyer@nic.in
GFU00915,2024-25,2024-12-06,Rajasthan, Ajmer,Ministry of Rural Development,Mahatma Gandhi National Rural Employment Guarantee Scheme,MGNREGS,Centrally Sponsored (60:40),Gram Panchayat,775.72,539.21,492.94,91.42,325,324.0,1789,1723.0,Completed,Fund utilization certificate pending,Rakesh Rao - Block Development Officer - rakesh.rao@nic.in
GFU00302,2023-24,2022-01-23,Uttar Pradesh,Varanasi,Ministry of Jal Shakti,Jal Jeevan Mission,JJM,Centrally Sponsored (90:10),District Panchayat / Zilla Parishad,123.82,122.63,107.54,87.69,436,435.0,2547,2556.0,Completed,Utilization certificate submitted and verified,Ganesh Rao - Assistant Engineer - ganesh.rao@nic.in
GFU00348,2022-23,2021-09-16,West Bengal,siliguri,Ministry of Rural Development,Mahatma Gandhi National Rural Employment Guarantee Scheme,MGNREGS,Centrally Sponsored (60:40),District Panchayat / Zilla Parishad,55.18,52.74,31.44,59.61,103,72.0,4873,3081.0,Ongoing,Work completed as per schedule,Pooja Naik - Assistant Engineer - pooja.naik@nic.in
GFU00550,2024-25,2024-07-30,West Bengal, Siliguri,Ministry of Health & Family Welfare,National Health Mission,NHM,Centrally Sponsored (60:40),Gram Panchayat,438.16,248.73,233.88,94.03,377,375.0,2791,2794.0,Completed,Fund utilization certificate pending,Arvind Reddy - Scheme Nodal Officer - arvind.reddy@nic.in
GFU00387,2022-23,2022-10-27,Tamil Nadu,Coimbatore,Ministry of Rural Development,Mahatma Gandhi National Rural Employment Guarantee Scheme,MGNREGS,Centrally Sponsored (60:40),State Nodal Agency,135.95,80.9,41.45,51.24,236,0.0,1007,,Ongoing,Delay due to - heavy monsoon rainfall,Anjali Iyer - Scheme Nodal Officer - anjali.iyer@nic.in
GFU00449,2024-25,2023-09-04,Rajasthan,Udaipur,Ministry of Health & Family Welfare,Ayushman Bharat - Pradhan Mantri Jan Arogya Yojana,PMJAY,Centrally Sponsored (60:40),Gram Panchayat,64.64,47.26,44.0,93.1,61,57.0,1002,850.0,Ongoing,Material procurement in progress,Sunita Yadav - District Programme Coordinator - sunita.yadav@nic.in
GFU00641,2021-22,2022-11-15,Karnataka,Mysuru,Ministry of Education,PM Poshan (Mid-Day Meal Scheme),PMPOSHAN,Centrally Sponsored (60:40),State Nodal Agency,609.17,321.4,0.0,0.0,497,0.0,2731,0.0,Not Started,Delay due to - heavy monsoon rainfall,Ramesh Iyer - Scheme Nodal Officer - ramesh.iyer@nic.in
GFU00315,2022-23,2024-07-08,Madhya Pradesh,Ujjain,Ministry of Health & Family Welfare,National Health Mission,NHM,Centrally Sponsored (60:40),State Nodal Agency,267.79,141.62,0.0,0.0,453,0.0,3330,0.0,Not Started,Delay due to - land acquisition dispute,Rakesh Reddy - Block Development Officer - rakesh.reddy@nic.in
GFU00106,2024-25,2021-04-19,Tamil Nadu,Salem,Ministry of Jal Shakti,Jal Jeevan Mission,JJM,Centrally Sponsored (90:10),District Panchayat / Zilla Parishad,644.84,563.66,283.09,50.22,81,7.0,3835,330.0,Delayed,Delay due to - heavy monsoon rainfall,Deepa Das - District Collector Office - deepa.das@nic.in
GFU00164,2022-23,2022-11-30,Tamil Nadu,Coimbatore,Ministry of Agriculture & Farmers Welfare,PM Kisan Samman Nidhi,PMKISAN,Central Sector,Urban Local Body (ULB),290.99,282.82,252.92,89.43,269,28.0,3983,403.0,Ongoing,Work completed as per schedule,Lakshmi Mishra - District Programme Coordinator - lakshmi.mishra@nic.in
GFU00995,2022-23,2023-05-25,West Bengal,Kolkata,Ministry of Education,Samagra Shiksha Abhiyan,SS,Centrally Sponsored (60:40),State Nodal Agency,634.29,317.58,133.78,42.12,331,245.0,2807,2053.0,Delayed,  Work completed as per schedule  ,Sunita Reddy - Scheme Nodal Officer - sunita.reddy@nic.in
GFU00838,2023-24,2024-09-26,Tamil Nadu,Tiruchirappalli,Ministry of Education,Samagra Shiksha Abhiyan,SS,Centrally Sponsored (60:40),State Nodal Agency,737.29,647.0,561.03,86.71,327,326.0,4302,4223.0,Completed,Delay due to - contractor mobilisation issue,Manoj Nair - District Programme Coordinator - manoj.nair@nic.in
GFU00128,2024-25,2023-03-21,Gujarat,Vadodara,Ministry of Agriculture & Farmers Welfare,PM Kisan Samman Nidhi,PMKISAN,Central Sector,District Panchayat / Zilla Parishad,67.39,54.83,,,465,463.0,769,783.0,Completed,  Delay due to - heavy monsoon rainfall  ,Manoj Naik - Block Development Officer - manoj.naik@nic.in
GFU00703,2023-24,2024-03-12,Kerala, Thrissur,Ministry of Health & Family Welfare,Ayushman Bharat - Pradhan Mantri Jan Arogya Yojana,PMJAY,Centrally Sponsored (60:40),Urban Local Body (ULB),47.9,32.53,16.3,50.11,266,4.0,1885,27.0,Ongoing,Delay due to - contractor mobilisation issue,Ramesh Rao - District Programme Coordinator - ramesh.rao@nic.in
GFU00636,2023-24,2024-03-23,Tamil Nadu,Madurai ,Ministry of Education,Samagra Shiksha Abhiyan,SS,Centrally Sponsored (60:40),State Nodal Agency,359.63,233.5,104.64,44.81,415,375.0,1276,1094.0,Ongoing,Awaiting third-party audit clearance,Anjali Yadav - Assistant Engineer - anjali.yadav@nic.in
GFU00470,2023-24,2021-12-21,Rajasthan,Kota,Ministry of Agriculture & Farmers Welfare,PM Kisan Samman Nidhi,PMKISAN,Central Sector,NGO / Partner Organisation,714.04,528.64,339.22,64.17,41,27.0,347,227.0,Ongoing,Utilization certificate submitted and verified,Vinod Mishra - Scheme Nodal Officer - vinod.mishra@nic.in
GFU00754,2023-24,2024-05-09,Kerala,Kochi,Ministry of Jal Shakti,Swachh Bharat Mission - Gramin,SBM-G,Centrally Sponsored (60:40),Urban Local Body (ULB),755.23,388.26,343.98,88.6,231,230.0,1180,,Completed,Work completed as per schedule,Anjali Mishra - Assistant Engineer - anjali.mishra@nic.in
GFU00972,2023-24,2022-08-29,Karnataka,Bengaluru,Ministry of Rural Development,Pradhan Mantri Gram Sadak Yojana,PMGSY,Centrally Sponsored (60:40),Gram Panchayat,269.2,261.58,229.73,87.82,66,4.0,3467,211.0,Delayed,Beneficiary list under revision,Kavita Sharma - District Collector Office - kavita.sharma@nic.in
GFU00379,2024-25,2024-01-26,Gujarat,vadodara,Ministry of Health & Family Welfare,Ayushman Bharat - Pradhan Mantri Jan Arogya Yojana,PMJAY,Centrally Sponsored (60:40),State Nodal Agency,600.58,444.03,426.13,95.97,328,328.0,3664,3665.0,Completed,  Awaiting third-party audit clearance  ,Sanjay Naik - Block Development Officer - sanjay.naik@nic.in
GFU00032,2021-22,2024-11-22,West Bengal, Kolkata,Ministry of Rural Development,Pradhan Mantri Awas Yojana - Gramin,PMAY-G,Centrally Sponsored (60:40),Gram Panchayat,182.53,117.93,45.63,38.69,7,1.0,1601,219.0,Ongoing,Delay due to - heavy monsoon rainfall,Anjali Patel - Block Development Officer - anjali.patel@nic.in
GFU00701,2023-24,2021-04-08,Kerala,Kochi,Ministry of Jal Shakti,Swachh Bharat Mission - Gramin,SBM-G,Centrally Sponsored (60:40),Gram Panchayat,579.24,523.77,324.55,61.96,220,206.0,3426,2969.0,Ongoing,Work completed as per schedule,Kavita Singh - District Collector Office - kavita.singh@nic.in
GFU00698,2022-23,2022-01-14,Gujarat,Rajkot,Ministry of Education,PM Poshan (Mid-Day Meal Scheme),PMPOSHAN,Centrally Sponsored (60:40),District Panchayat / Zilla Parishad,80.27,75.24,65.92,87.61,485,485.0,1247,1180.0,Completed,Delay due to - heavy monsoon rainfall,Deepa Reddy - Scheme Nodal Officer - deepa.reddy@nic.in
GFU00304,2022-23,2023-10-24,West Bengal,Durgapur,Ministry of Agriculture & Farmers Welfare,PM Kisan Samman Nidhi,PMKISAN,Central Sector,District Panchayat / Zilla Parishad,90.98,59.57,50.69,85.09,51,51.0,1867,1718.0,Completed,Awaiting third-party audit clearance,Pooja Das - Assistant Engineer - pooja.das@nic.in
GFU00611,2023-24,2022-10-11,Madhya Pradesh,Bhopal,Ministry of Education,PM Poshan (Mid-Day Meal Scheme),PMPOSHAN,Centrally Sponsored (60:40),State Nodal Agency,358.24,318.5,253.2,79.5,330,297.0,1993,1705.0,Delayed,Utilization certificate submitted and verified,Kavita Patel - Block Development Officer - kavita.patel@nic.in
GFU00113,2021-22,2021-05-25,Maharashtra, Aurangabad,Ministry of Health & Family Welfare,National Health Mission,NHM,Centrally Sponsored (60:40),Urban Local Body (ULB),746.98,480.66,0.0,0.0,280,0.0,391,0.0,Not Started,Delay due to - heavy monsoon rainfall,Deepa Patel - Assistant Engineer - deepa.patel@nic.in
GFU00750,2022-23,2021-10-05,West Bengal,Durgapur,Ministry of Health & Family Welfare,National Health Mission,NHM,Centrally Sponsored (60:40),District Panchayat / Zilla Parishad,453.33,367.87,351.98,95.68,496,496.0,2289,2085.0,Completed,,Deepa Iyer - District Programme Coordinator - deepa.iyer@nic.in
GFU00133,2023-24,2023-05-19,Tamil Nadu,Chennai ,Ministry of Education,Samagra Shiksha Abhiyan,SS,Centrally Sponsored (60:40),District Panchayat / Zilla Parishad,691.99,584.93,568.71,97.23,450,448.0,1190,1189.0,Completed,Awaiting third-party audit clearance,Ashok Rao - Assistant Engineer - ashok.rao@nic.in
GFU00971,2023-24,2023-06-28,West Bengal,Durgapur,Ministry of Education,PM Poshan (Mid-Day Meal Scheme),PMPOSHAN,Centrally Sponsored (60:40),State Nodal Agency,327.74,294.35,163.44,55.53,460,367.0,828,667.0,Ongoing,  Fund utilization certificate pending  ,Sunita Mishra - District Collector Office - sunita.mishra@nic.in
GFU00289,2021-22,2022-11-19,Rajasthan,Jodhpur,Ministry of Rural Development,Pradhan Mantri Awas Yojana - Gramin,PMAY-G,Centrally Sponsored (60:40),NGO / Partner Organisation,548.24,403.45,401.49,99.51,193,192.0,3941,3633.0,Completed,Delay due to - heavy monsoon rainfall,Ashok Nair - District Collector Office - ashok.nair@nic.in
GFU00709,2023-24,2024-02-19,Maharashtra,pune,Ministry of Education,PM Poshan (Mid-Day Meal Scheme),PMPOSHAN,Centrally Sponsored (60:40),State Nodal Agency,299.87,180.67,159.72,88.4,275,275.0,1517,1528.0,Completed,Delay due to - heavy monsoon rainfall,Manoj Sharma - District Collector Office - manoj.sharma@nic.in
GFU00528,2023-24,2023-11-05,Tamil Nadu,Chennai,Ministry of Agriculture & Farmers Welfare,Pradhan Mantri Fasal Bima Yojana,PMFBY,Central Sector,State Nodal Agency,98.17,84.48,0.0,0.0,39,0.0,287,0.0,Not Started,Awaiting third-party audit clearance,Sanjay Mishra - District Collector Office - sanjay.mishra@nic.in
GFU00458,2023-24,2023-11-27,West Bengal,Durgapur ,Ministry of Agriculture & Farmers Welfare,PM Kisan Samman Nidhi,PMKISAN,Central Sector,Gram Panchayat,710.6,631.77,453.94,71.85,55,32.0,4261,2307.0,Ongoing,Awaiting third-party audit clearance,Lakshmi Nair - Scheme Nodal Officer - lakshmi.nair@nic.in
GFU00371,2023-24,2024-01-03,Madhya Pradesh,jabalpur,Ministry of Rural Development,Pradhan Mantri Awas Yojana - Gramin,PMAY-G,Centrally Sponsored (60:40),District Panchayat / Zilla Parishad,275.27,264.07,,,300,298.0,352,330.0,Completed,Material procurement in progress,Arvind Mishra - Assistant Engineer - arvind.mishra@nic.in
GFU00262,2021-22,2024-10-31,Kerala,Thiruvananthapuram,Ministry of Rural Development,Mahatma Gandhi National Rural Employment Guarantee Scheme,MGNREGS,Centrally Sponsored (60:40),Urban Local Body (ULB),158.3,141.52,58.62,41.42,498,268.0,1059,586.0,Ongoing,Work completed as per schedule,Anjali Das - Scheme Nodal Officer - anjali.das@nic.in
GFU00210,2023-24,2025-01-09,Madhya Pradesh,Gwalior,Ministry of Health & Family Welfare,Ayushman Bharat - Pradhan Mantri Jan Arogya Yojana,PMJAY,Centrally Sponsored (60:40),State Nodal Agency,116.16,68.04,64.16,94.3,63,62.0,3771,3476.0,Completed,Beneficiary list under revision,Anjali Singh - Block Development Officer - anjali.singh@nic.in
GFU00411,2021-22,2024-10-23,Bihar,Patna,Ministry of Jal Shakti,Swachh Bharat Mission - Gramin,SBM-G,Centrally Sponsored (60:40),Gram Panchayat,235.66,142.52,96.95,68.03,37,16.0,4002,1601.0,Delayed,Utilization certificate submitted and verified,Pooja Patel - District Programme Coordinator - pooja.patel@nic.in
GFU00856,2021-22,2024-04-24,Maharashtra, Pune,Ministry of Rural Development,Pradhan Mantri Gram Sadak Yojana,PMGSY,Centrally Sponsored (60:40),Gram Panchayat,332.69,332.07,0.0,0.0,151,,2900,0.0,Not Started,Delay due to - heavy monsoon rainfall,Arvind Das - District Collector Office - arvind.das@nic.in
GFU00355,2023-24,2024-12-09,Gujarat, Rajkot,Ministry of Rural Development,Pradhan Mantri Gram Sadak Yojana,PMGSY,Centrally Sponsored (60:40),Gram Panchayat,773.99,441.22,439.95,99.71,66,64.0,637,558.0,Completed,No remarks recorded,Kavita Yadav - Assistant Engineer - kavita.yadav@nic.in
GFU00160,2023-24,2022-05-27,Rajasthan,Jodhpur,Ministry of Agriculture & Farmers Welfare,PM Kisan Samman Nidhi,PMKISAN,Central Sector,State Nodal Agency,767.21,505.51,454.43,89.9,92,77.0,2848,2219.0,Ongoing,  Delay due to - heavy monsoon rainfall  ,Sanjay Das - District Collector Office - sanjay.das@nic.in
GFU00488,2023-24,2024-11-04,West Bengal,Durgapur,Ministry of Jal Shakti,Swachh Bharat Mission - Gramin,SBM-G,Centrally Sponsored (60:40),Urban Local Body (ULB),284.6,260.34,248.72,95.54,271,269.0,263,248.0,Completed,  No remarks recorded  ,Ashok Naik - District Collector Office - ashok.naik@nic.in
GFU00667,2022-23,2024-11-21,Maharashtra,nagpur,Ministry of Health & Family Welfare,National Health Mission,NHM,Centrally Sponsored (60:40),District Panchayat / Zilla Parishad,631.29,362.42,355.14,97.99,57,57.0,2494,2502.0,Completed,Beneficiary list under revision,Ganesh Reddy - Block Development Officer - ganesh.reddy@nic.in
GFU00098,2024-25,2022-01-18,Rajasthan,Jaipur,Ministry of Agriculture & Farmers Welfare,Pradhan Mantri Fasal Bima Yojana,PMFBY,Central Sector,State Nodal Agency,395.02,302.53,257.52,85.12,56,56.0,1563,1464.0,Completed,Beneficiary list under revision,Ashok Naik - Block Development Officer - ashok.naik@nic.in
GFU00467,2022-23,2024-07-10,Rajasthan,Kota,Ministry of Rural Development,Pradhan Mantri Gram Sadak Yojana,PMGSY,Centrally Sponsored (60:40),Gram Panchayat,175.48,94.48,93.8,99.28,142,140.0,2939,2641.0,Completed,Awaiting third-party audit clearance,Anjali Naik - District Programme Coordinator - anjali.naik@nic.in
GFU00655,2024-25,2021-05-24,Gujarat, Ahmedabad,Ministry of Health & Family Welfare,Ayushman Bharat - Pradhan Mantri Jan Arogya Yojana,PMJAY,Centrally Sponsored (60:40),District Panchayat / Zilla Parishad,241.95,198.21,120.12,60.6,302,115.0,2917,1036.0,Ongoing,  Awaiting third-party audit clearance  ,Deepa Chatterjee - District Collector Office - deepa.chatterjee@nic.in
GFU00280,2022-23,2022-08-03,Uttar Pradesh,varanasi,Ministry of Jal Shakti,Swachh Bharat Mission - Gramin,SBM-G,Centrally Sponsored (60:40),District Panchayat / Zilla Parishad,597.27,303.21,268.06,88.41,33,31.0,4790,4357.0,Completed,No remarks recorded,Ashok Nair - Block Development Officer - ashok.nair@nic.in
GFU00946,2022-23,2021-06-01,West Bengal,howrah,Ministry of Jal Shakti,Swachh Bharat Mission - Gramin,SBM-G,Centrally Sponsored (60:40),Urban Local Body (ULB),41.17,37.53,19.27,51.35,495,86.0,4338,710.0,Ongoing,  Material procurement in progress  ,Lakshmi Singh - Block Development Officer - lakshmi.singh@nic.in
GFU00187,2021-22,2024-08-15,Karnataka,Mysuru,Ministry of Rural Development,Mahatma Gandhi National Rural Employment Guarantee Scheme,MGNREGS,Centrally Sponsored (60:40),NGO / Partner Organisation,312.98,185.97,164.45,88.43,48,48.0,1514,1465.0,Completed,  Delay due to - land acquisition dispute  ,Sunita Das - Assistant Engineer - sunita.das@nic.in
GFU00927,2021-22,2022-02-18,Tamil Nadu,Salem,Ministry of Rural Development,Pradhan Mantri Gram Sadak Yojana,PMGSY,Centrally Sponsored (60:40),Gram Panchayat,297.06,291.38,,,128,43.0,1526,532.0,Ongoing,No remarks recorded,Manoj Verma - District Collector Office - manoj.verma@nic.in
GFU00412,2022-23,2024-06-04,Kerala,Kollam,Ministry of Health & Family Welfare,National Health Mission,NHM,Centrally Sponsored (60:40),District Panchayat / Zilla Parishad,736.44,480.7,462.3,96.17,244,243.0,3946,,Completed,Delay due to - contractor mobilisation issue,Kavita Kumar - District Programme Coordinator - kavita.kumar@nic.in
GFU00225,2022-23,2025-03-24,Uttar Pradesh,Lucknow,Ministry of Agriculture & Farmers Welfare,PM Kisan Samman Nidhi,PMKISAN,Central Sector,State Nodal Agency,54.41,40.86,34.61,84.7,410,223.0,2095,1074.0,Ongoing,Delay due to - contractor mobilisation issue,Sunita Rao - Assistant Engineer - sunita.rao@nic.in
GFU00015,2024-25,2024-03-01,West Bengal,Asansol,Ministry of Rural Development,Mahatma Gandhi National Rural Employment Guarantee Scheme,MGNREGS,Centrally Sponsored (60:40),Urban Local Body (ULB),356.79,210.49,154.07,73.2,170,114.0,1160,747.0,Ongoing,Awaiting third-party audit clearance,Kavita Yadav - Scheme Nodal Officer - kavita.yadav@nic.in
GFU00171,2024-25,2024-03-08,Maharashtra, Kolhapur,Ministry of Health & Family Welfare,Ayushman Bharat - Pradhan Mantri Jan Arogya Yojana,PMJAY,Centrally Sponsored (60:40),State Nodal Agency,554.88,523.88,,,381,380.0,4730,4346.0,Completed,  Material procurement in progress  ,Ashok Verma - Scheme Nodal Officer - ashok.verma@nic.in
GFU00966,2023-24,2023-03-22,Tamil Nadu,Coimbatore,Ministry of Education,Samagra Shiksha Abhiyan,SS,Centrally Sponsored (60:40),Gram Panchayat,691.45,539.49,0.0,0.0,258,0.0,366,0.0,Not Started,Delay due to - land acquisition dispute,Kavita Yadav - District Programme Coordinator - kavita.yadav@nic.in
GFU00358,2023-24,2021-08-17,Bihar,bhagalpur,Ministry of Rural Development,Mahatma Gandhi National Rural Employment Guarantee Scheme,MGNREGS,Centrally Sponsored (60:40),District Panchayat / Zilla Parishad,425.08,421.55,415.9,98.66,127,125.0,4013,4011.0,Completed,Material procurement in progress,Anjali Kumar - Assistant Engineer - anjali.kumar@nic.in
GFU00116,2023-24,2021-06-11,Kerala,Kollam,Ministry of Education,PM Poshan (Mid-Day Meal Scheme),PMPOSHAN,Centrally Sponsored (60:40),District Panchayat / Zilla Parishad,714.22,398.9,322.44,80.83,257,239.0,3095,2863.0,Delayed,,Vinod Das - District Collector Office - vinod.das@nic.in
GFU00657,2024-25,2022-07-11,Rajasthan, Kota,Ministry of Agriculture & Farmers Welfare,Pradhan Mantri Fasal Bima Yojana,PMFBY,Central Sector,Urban Local Body (ULB),714.0,609.18,584.19,95.9,67,66.0,3205,3043.0,Completed,Fund utilization certificate pending,Anjali Nair - Assistant Engineer - anjali.nair@nic.in
GFU00620,2023-24,2021-11-05,Maharashtra,Nashik ,Ministry of Education,PM Poshan (Mid-Day Meal Scheme),PMPOSHAN,Centrally Sponsored (60:40),Gram Panchayat,119.4,64.65,21.84,33.78,338,155.0,2664,1103.0,Ongoing,,Pooja Rao - District Programme Coordinator - pooja.rao@nic.in
GFU00549,2021-22,2023-05-03,Gujarat,Ahmedabad,Ministry of Education,Samagra Shiksha Abhiyan,SS,Centrally Sponsored (60:40),Gram Panchayat,69.39,40.69,32.83,80.68,413,266.0,3352,2010.0,Ongoing,Delay due to - land acquisition dispute,Sunita Patel - District Collector Office - sunita.patel@nic.in
GFU00020,2022-23,2023-09-22,Rajasthan,jodhpur,Ministry of Jal Shakti,Swachh Bharat Mission - Gramin,SBM-G,Centrally Sponsored (60:40),Urban Local Body (ULB),644.46,323.08,316.19,97.87,353,352.0,3841,3608.0,Completed,Material procurement in progress,Sunita Verma - Assistant Engineer - sunita.verma@nic.in
GFU00108,2024-25,2021-10-27,Bihar,Bhagalpur,Ministry of Rural Development,Pradhan Mantri Awas Yojana - Gramin,PMAY-G,Centrally Sponsored (60:40),Gram Panchayat,421.75,229.08,179.67,78.43,248,87.0,1396,500.0,Ongoing,Delay due to - heavy monsoon rainfall,Manoj Iyer - Block Development Officer - manoj.iyer@nic.in
GFU00734,2021-22,2024-11-28,Kerala,Thrissur,Ministry of Health & Family Welfare,National Health Mission,NHM,Centrally Sponsored (60:40),State Nodal Agency,277.33,220.84,124.44,56.35,455,161.0,3180,1169.0,Ongoing,No remarks recorded,Deepa Verma - Block Development Officer - deepa.verma@nic.in
GFU00519,2023-24,2021-05-21,Kerala, Kollam,Ministry of Rural Development,Mahatma Gandhi National Rural Employment Guarantee Scheme,MGNREGS,Centrally Sponsored (60:40),NGO / Partner Organisation,212.57,146.51,131.55,89.79,261,259.0,4152,3802.0,Completed,Beneficiary list under revision,Lakshmi Reddy - Scheme Nodal Officer - lakshmi.reddy@nic.in
GFU00237,2022-23,2022-08-15,Madhya Pradesh, Ujjain,Ministry of Education,PM Poshan (Mid-Day Meal Scheme),PMPOSHAN,Centrally Sponsored (60:40),Gram Panchayat,233.44,196.35,180.38,91.87,251,249.0,4489,4359.0,Completed,Beneficiary list under revision,Sunita Yadav - District Collector Office - sunita.yadav@nic.in
GFU00372,2022-23,2024-03-18,Madhya Pradesh,Gwalior,Ministry of Education,PM Poshan (Mid-Day Meal Scheme),PMPOSHAN,Centrally Sponsored (60:40),District Panchayat / Zilla Parishad,585.29,538.25,262.29,48.73,493,443.0,549,453.0,Delayed,Delay due to - land acquisition dispute,Manoj Kumar - Block Development Officer - manoj.kumar@nic.in
GFU00979,2022-23,2024-02-01,Uttar Pradesh,Varanasi ,Ministry of Education,PM Poshan (Mid-Day Meal Scheme),PMPOSHAN,Centrally Sponsored (60:40),State Nodal Agency,260.79,186.54,0.0,0.0,326,0.0,2849,0.0,Not Started,No remarks recorded,Pooja Verma - District Collector Office - pooja.verma@nic.in
GFU00234,2021-22,2024-04-02,Rajasthan,Kota,Ministry of Jal Shakti,Swachh Bharat Mission - Gramin,SBM-G,Centrally Sponsored (60:40),Gram Panchayat,204.14,143.04,129.88,90.8,398,396.0,2349,2355.0,Completed,Delay due to - land acquisition dispute,Ganesh Rao - Block Development Officer - ganesh.rao@nic.in
GFU00230,2021-22,2023-08-21,Maharashtra,Nashik,Ministry of Jal Shakti,Swachh Bharat Mission - Gramin,SBM-G,Centrally Sponsored (60:40),Gram Panchayat,42.42,27.43,11.15,40.65,186,15.0,466,35.0,Ongoing,No remarks recorded,Sanjay Iyer - Scheme Nodal Officer - sanjay.iyer@nic.in
GFU00361,2022-23,2024-09-10,Tamil Nadu,Coimbatore,Ministry of Jal Shakti,Swachh Bharat Mission - Gramin,SBM-G,Centrally Sponsored (60:40),Gram Panchayat,666.56,580.84,568.85,97.94,133,,1262,1273.0,Completed,Delay due to - contractor mobilisation issue,Meera Nair - Block Development Officer - meera.nair@nic.in
GFU00590,2024-25,2022-08-09,Uttar Pradesh,agra,Ministry of Health & Family Welfare,Ayushman Bharat - Pradhan Mantri Jan Arogya Yojana,PMJAY,Centrally Sponsored (60:40),Urban Local Body (ULB),214.64,189.73,161.13,84.93,393,111.0,1223,358.0,Delayed,Delay due to - land acquisition dispute,Ramesh Naik - Assistant Engineer - ramesh.naik@nic.in
GFU00320,2022-23,2021-04-08,Tamil Nadu,Coimbatore,Ministry of Agriculture & Farmers Welfare,PM Kisan Samman Nidhi,PMKISAN,Central Sector,Urban Local Body (ULB),270.05,222.11,0.0,0.0,334,,2799,0.0,Not Started,Fund utilization certificate pending,Vinod Mishra - District Collector Office - vinod.mishra@nic.in
GFU00639,2024-25,2023-08-12,Tamil Nadu,chennai,Ministry of Education,Samagra Shiksha Abhiyan,SS,Centrally Sponsored (60:40),Gram Panchayat,129.35,97.29,35.99,36.99,63,61.0,4597,4145.0,Ongoing,Work completed as per schedule,Ashok Nair - Scheme Nodal Officer - ashok.nair@nic.in
GFU00571,2021-22,2024-07-22,Karnataka,Bengaluru,Ministry of Rural Development,Mahatma Gandhi National Rural Employment Guarantee Scheme,MGNREGS,Centrally Sponsored (60:40),NGO / Partner Organisation,443.79,432.16,386.89,89.52,478,476.0,3241,3246.0,Completed,No remarks recorded,Deepa Chatterjee - Block Development Officer - deepa.chatterjee@nic.in
GFU00507,2022-23,2024-05-14,Maharashtra,Nagpur,Ministry of Health & Family Welfare,National Health Mission,NHM,Centrally Sponsored (60:40),Gram Panchayat,102.57,65.2,45.7,70.09,409,317.0,1539,1236.0,Ongoing,Delay due to - heavy monsoon rainfall,Anjali Chatterjee - District Collector Office - anjali.chatterjee@nic.in
GFU00400,2024-25,2023-07-01,Rajasthan,Jodhpur,Ministry of Health & Family Welfare,National Health Mission,NHM,Centrally Sponsored (60:40),State Nodal Agency,656.56,388.43,179.15,46.12,145,123.0,2300,1899.0,Ongoing,Delay due to - heavy monsoon rainfall,Meera Naik - District Programme Coordinator - meera.naik@nic.in
GFU00480,2022-23,2024-07-04,Maharashtra,aurangabad,Ministry of Rural Development,Pradhan Mantri Gram Sadak Yojana,PMGSY,Centrally Sponsored (60:40),District Panchayat / Zilla Parishad,134.35,68.47,44.42,64.88,110,53.0,4223,2067.0,Ongoing,Delay due to - land acquisition dispute,Sunita Naik - Assistant Engineer - sunita.naik@nic.in
GFU00997,2021-22,2023-01-01,Bihar, Bhagalpur,Ministry of Agriculture & Farmers Welfare,PM Kisan Samman Nidhi,PMKISAN,Central Sector,Gram Panchayat,719.02,556.75,543.71,97.66,336,285.0,2959,2419.0,Delayed,Awaiting third-party audit clearance,Anjali Patel - District Collector Office - anjali.patel@nic.in
GFU00757,2023-24,2025-03-26,Bihar,Patna,Ministry of Education,PM Poshan (Mid-Day Meal Scheme),PMPOSHAN,Centrally Sponsored (60:40),District Panchayat / Zilla Parishad,563.37,397.19,0.0,0.0,221,0.0,3933,0.0,Not Started,  Awaiting third-party audit clearance  ,Anjali Rao - Scheme Nodal Officer - anjali.rao@nic.in
GFU00645,2024-25,2023-09-25,Uttar Pradesh,Kanpur,Ministry of Agriculture & Farmers Welfare,Pradhan Mantri Fasal Bima Yojana,PMFBY,Central Sector,NGO / Partner Organisation,331.56,203.14,143.57,70.68,343,203.0,1405,761.0,Ongoing,Work completed as per schedule,Ashok Iyer - District Collector Office - ashok.iyer@nic.in
GFU00761,2021-22,2022-04-23,Bihar,Bhagalpur,Ministry of Rural Development,Mahatma Gandhi National Rural Employment Guarantee Scheme,MGNREGS,Centrally Sponsored (60:40),State Nodal Agency,370.59,252.29,241.35,95.66,318,316.0,4139,4146.0,Completed,No remarks recorded,Ganesh Naik - Scheme Nodal Officer - ganesh.naik@nic.in
GFU00850,2024-25,2021-05-29,Kerala,Thrissur,Ministry of Jal Shakti,Swachh Bharat Mission - Gramin,SBM-G,Centrally Sponsored (60:40),State Nodal Agency,778.99,461.33,333.11,72.21,249,223.0,2249,2114.0,Ongoing,Work completed as per schedule,Ganesh Rao - Assistant Engineer - ganesh.rao@nic.in
GFU00117,2023-24,2021-05-02,Gujarat, Surat,Ministry of Jal Shakti,Swachh Bharat Mission - Gramin,SBM-G,Centrally Sponsored (60:40),District Panchayat / Zilla Parishad,390.04,206.02,67.43,32.73,409,204.0,1221,,Delayed,Delay due to - land acquisition dispute,Vinod Kumar - District Programme Coordinator - vinod.kumar@nic.in
GFU00069,2024-25,2025-03-17,West Bengal,Asansol,Ministry of Agriculture & Farmers Welfare,PM Kisan Samman Nidhi,PMKISAN,Central Sector,Gram Panchayat,179.06,109.7,52.91,48.23,107,25.0,815,195.0,Delayed,  Material procurement in progress  ,Ramesh Nair - Block Development Officer - ramesh.nair@nic.in
GFU00377,2023-24,2021-07-27,Madhya Pradesh,Jabalpur,Ministry of Health & Family Welfare,Ayushman Bharat - Pradhan Mantri Jan Arogya Yojana,PMJAY,Centrally Sponsored (60:40),Urban Local Body (ULB),789.37,664.78,577.83,86.92,309,308.0,4622,4636.0,Completed,No remarks recorded,Deepa Naik - Block Development Officer - deepa.naik@nic.in
GFU00357,2022-23,2022-05-28,West Bengal,Durgapur ,Ministry of Agriculture & Farmers Welfare,PM Kisan Samman Nidhi,PMKISAN,Central Sector,Gram Panchayat,478.12,336.2,322.55,95.94,194,192.0,434,415.0,Completed,Work completed as per schedule,Vinod Reddy - Assistant Engineer - vinod.reddy@nic.in
GFU00771,2024-25,2022-01-04,Madhya Pradesh,Gwalior ,Ministry of Jal Shakti,Jal Jeevan Mission,JJM,Centrally Sponsored (90:10),State Nodal Agency,756.53,675.32,587.99,87.07,354,,2140,2119.0,Completed,No remarks recorded,Kavita Iyer - Assistant Engineer - kavita.iyer@nic.in
GFU00627,2024-25,2023-05-21,Maharashtra,pune,Ministry of Jal Shakti,Jal Jeevan Mission,JJM,Centrally Sponsored (90:10),Gram Panchayat,50.18,34.71,29.5,84.99,361,361.0,406,398.0,Completed,No remarks recorded,Rakesh Naik - District Collector Office - rakesh.naik@nic.in
GFU00872,2024-25,2024-06-04,Bihar, Bhagalpur,Ministry of Agriculture & Farmers Welfare,PM Kisan Samman Nidhi,PMKISAN,Central Sector,Gram Panchayat,628.69,521.78,0.0,0.0,85,,1692,0.0,Not Started,Delay due to - contractor mobilisation issue,Sanjay Das - District Programme Coordinator - sanjay.das@nic.in
GFU00890,2023-24,2025-01-12,Gujarat,Vadodara,Ministry of Agriculture & Farmers Welfare,PM Kisan Samman Nidhi,PMKISAN,Central Sector,State Nodal Agency,77.32,57.63,30.03,52.11,114,96.0,2218,1862.0,Delayed,Delay due to - heavy monsoon rainfall,Rakesh Rao - District Programme Coordinator - rakesh.rao@nic.in
GFU00038,2022-23,2022-06-19,Karnataka,belagavi,Ministry of Rural Development,Mahatma Gandhi National Rural Employment Guarantee Scheme,MGNREGS,Centrally Sponsored (60:40),Gram Panchayat,590.44,534.4,336.88,63.04,227,63.0,1928,532.0,Ongoing,Utilization certificate submitted and verified,Sanjay Iyer - Block Development Officer - sanjay.iyer@nic.in
GFU00932,2024-25,2023-01-20,Rajasthan, Udaipur,Ministry of Agriculture & Farmers Welfare,PM Kisan Samman Nidhi,PMKISAN,Central Sector,State Nodal Agency,63.83,40.51,39.55,97.63,300,298.0,185,176.0,Completed,No remarks recorded,Arvind Das - Scheme Nodal Officer - arvind.das@nic.in
GFU00351,2024-25,2021-05-10,Uttar Pradesh, Varanasi,Ministry of Health & Family Welfare,National Health Mission,NHM,Centrally Sponsored (60:40),District Panchayat / Zilla Parishad,119.32,78.63,31.72,40.34,288,86.0,431,126.0,Delayed,Material procurement in progress,Ashok Nair - District Collector Office - ashok.nair@nic.in
GFU00107,2023-24,2025-02-04,Kerala,Kollam ,Ministry of Rural Development,Mahatma Gandhi National Rural Employment Guarantee Scheme,MGNREGS,Centrally Sponsored (60:40),Gram Panchayat,49.74,39.01,35.28,90.44,91,4.0,1526,63.0,Delayed,  Work completed as per schedule  ,Sanjay Yadav - District Collector Office - sanjay.yadav@nic.in
GFU00389,2022-23,2021-11-09,Tamil Nadu,Madurai,Ministry of Education,Samagra Shiksha Abhiyan,SS,Centrally Sponsored (60:40),NGO / Partner Organisation,354.88,289.7,195.06,67.33,73,69.0,2729,,Delayed,Delay due to - heavy monsoon rainfall,Ganesh Nair - Assistant Engineer - ganesh.nair@nic.in
GFU00324,2024-25,2024-04-19,Rajasthan,Udaipur,Ministry of Jal Shakti,Swachh Bharat Mission - Gramin,SBM-G,Centrally Sponsored (60:40),Urban Local Body (ULB),696.7,381.71,342.44,89.71,491,489.0,1256,1147.0,Completed,Awaiting third-party audit clearance,Anjali Patel - District Collector Office - anjali.patel@nic.in
GFU00572,2023-24,2024-04-26,Uttar Pradesh,Agra ,Ministry of Jal Shakti,Swachh Bharat Mission - Gramin,SBM-G,Centrally Sponsored (60:40),State Nodal Agency,316.68,285.63,155.02,54.27,125,121.0,4711,4346.0,Delayed,Delay due to - contractor mobilisation issue,Kavita Nair - Assistant Engineer - kavita.nair@nic.in
GFU00252,2023-24,2022-04-08,Maharashtra,Nashik,Ministry of Education,Samagra Shiksha Abhiyan,SS,Centrally Sponsored (60:40),State Nodal Agency,180.68,179.61,159.78,88.96,428,426.0,2390,2392.0,Completed,  Beneficiary list under revision  ,Ganesh Nair - District Programme Coordinator - ganesh.nair@nic.in
GFU00646,2024-25,2024-04-02,Karnataka,Mangaluru,Ministry of Health & Family Welfare,National Health Mission,NHM,Centrally Sponsored (60:40),District Panchayat / Zilla Parishad,576.75,406.98,129.87,31.91,74,24.0,3576,,Ongoing,Beneficiary list under revision,Ramesh Kumar - District Collector Office - ramesh.kumar@nic.in
GFU00575,2023-24,2024-07-11,West Bengal, Asansol,Ministry of Agriculture & Farmers Welfare,PM Kisan Samman Nidhi,PMKISAN,Central Sector,Gram Panchayat,84.91,54.82,38.24,69.76,379,59.0,3634,523.0,Ongoing,,Sunita Sharma - Scheme Nodal Officer - sunita.sharma@nic.in
GFU00973,2023-24,2024-11-14,Uttar Pradesh,Varanasi,Ministry of Agriculture & Farmers Welfare,Pradhan Mantri Fasal Bima Yojana,PMFBY,Central Sector,Gram Panchayat,154.63,132.98,125.87,94.65,302,159.0,1410,759.0,Ongoing,Fund utilization certificate pending,Kavita Naik - District Programme Coordinator - kavita.naik@nic.in
GFU00489,2023-24,2023-03-21,Madhya Pradesh,Indore ,Ministry of Rural Development,Mahatma Gandhi National Rural Employment Guarantee Scheme,MGNREGS,Centrally Sponsored (60:40),District Panchayat / Zilla Parishad,377.03,242.57,234.12,96.52,77,75.0,2739,2706.0,Completed,Awaiting third-party audit clearance,Sanjay Naik - District Programme Coordinator - sanjay.naik@nic.in
GFU00216,2023-24,2024-08-16,Madhya Pradesh,bhopal,Ministry of Agriculture & Farmers Welfare,Pradhan Mantri Fasal Bima Yojana,PMFBY,Central Sector,District Panchayat / Zilla Parishad,708.86,493.21,456.2,92.5,149,148.0,4734,4736.0,Completed,Delay due to - contractor mobilisation issue,Arvind Singh - Scheme Nodal Officer - arvind.singh@nic.in
GFU00879,2022-23,2024-09-07,West Bengal,Siliguri,Ministry of Jal Shakti,Jal Jeevan Mission,JJM,Centrally Sponsored (90:10),Gram Panchayat,678.2,458.41,423.2,92.32,361,359.0,1515,1471.0,Completed,  Delay due to - contractor mobilisation issue  ,Vinod Das - Block Development Officer - vinod.das@nic.in
GFU00710,2022-23,2022-02-26,Gujarat,Vadodara,Ministry of Jal Shakti,Swachh Bharat Mission - Gramin,SBM-G,Centrally Sponsored (60:40),Gram Panchayat,140.46,136.89,,,279,279.0,4009,3626.0,Completed,No remarks recorded,Rakesh Reddy - Block Development Officer - rakesh.reddy@nic.in
GFU00057,2024-25,2023-07-17,West Bengal,Siliguri,Ministry of Rural Development,Pradhan Mantri Awas Yojana - Gramin,PMAY-G,Centrally Sponsored (60:40),District Panchayat / Zilla Parishad,766.43,538.56,423.21,78.58,144,62.0,1122,442.0,Ongoing,Utilization certificate submitted and verified,Meera Naik - Block Development Officer - meera.naik@nic.in
GFU00670,2023-24,2023-09-18,Kerala,Kochi,Ministry of Rural Development,Pradhan Mantri Gram Sadak Yojana,PMGSY,Centrally Sponsored (60:40),State Nodal Agency,725.21,724.72,,,18,0.0,3019,0.0,Not Started,Delay due to - land acquisition dispute,Deepa Das - Block Development Officer - deepa.das@nic.in
GFU00455,2022-23,2022-07-17,Uttar Pradesh,Kanpur ,Ministry of Rural Development,Pradhan Mantri Gram Sadak Yojana,PMGSY,Centrally Sponsored (60:40),Gram Panchayat,270.24,210.97,89.15,42.26,207,151.0,2519,1854.0,Delayed,,Ganesh Das - District Programme Coordinator - ganesh.das@nic.in
GFU00170,2022-23,2025-02-02,West Bengal,Asansol,Ministry of Education,PM Poshan (Mid-Day Meal Scheme),PMPOSHAN,Centrally Sponsored (60:40),District Panchayat / Zilla Parishad,790.25,672.44,666.22,99.08,256,202.0,3172,2324.0,Delayed,Beneficiary list under revision,Rakesh Sharma - District Collector Office - rakesh.sharma@nic.in
GFU00292,2022-23,2024-07-25,West Bengal,siliguri,Ministry of Rural Development,Pradhan Mantri Awas Yojana - Gramin,PMAY-G,Centrally Sponsored (60:40),Gram Panchayat,795.78,460.48,425.83,92.48,432,432.0,1709,1713.0,Completed,,Ganesh Singh - Scheme Nodal Officer - ganesh.singh@nic.in
GFU00182,2024-25,2024-11-18,Madhya Pradesh,Ujjain,Ministry of Agriculture & Farmers Welfare,Pradhan Mantri Fasal Bima Yojana,PMFBY,Central Sector,District Panchayat / Zilla Parishad,359.95,333.41,125.71,37.7,185,107.0,1824,978.0,Ongoing,Material procurement in progress,Meera Nair - Block Development Officer - meera.nair@nic.in
GFU00054,2022-23,2023-10-25,Bihar, Bhagalpur,Ministry of Health & Family Welfare,Ayushman Bharat - Pradhan Mantri Jan Arogya Yojana,PMJAY,Centrally Sponsored (60:40),State Nodal Agency,551.16,279.16,274.39,98.29,366,364.0,402,361.0,Completed,Delay due to - heavy monsoon rainfall,Ramesh Verma - District Collector Office - ramesh.verma@nic.in
GFU00408,2024-25,2023-11-09,Rajasthan,Ajmer,Ministry of Jal Shakti,Jal Jeevan Mission,JJM,Centrally Sponsored (90:10),State Nodal Agency,532.71,488.48,400.19,81.93,368,68.0,656,120.0,Ongoing,Awaiting third-party audit clearance,Manoj Yadav - Block Development Officer - manoj.yadav@nic.in
GFU00917,2024-25,2021-04-10,Bihar,Bhagalpur,Ministry of Rural Development,Pradhan Mantri Gram Sadak Yojana,PMGSY,Centrally Sponsored (60:40),NGO / Partner Organisation,632.15,570.44,432.31,75.79,36,11.0,3008,873.0,Ongoing,Delay due to - land acquisition dispute,Manoj Mishra - Block Development Officer - manoj.mishra@nic.in
GFU00347,2024-25,2024-06-05,Tamil Nadu,Madurai,Ministry of Agriculture & Farmers Welfare,Pradhan Mantri Fasal Bima Yojana,PMFBY,Central Sector,State Nodal Agency,727.72,621.1,593.89,95.62,203,124.0,2339,1486.0,Ongoing,  Delay due to - contractor mobilisation issue  ,Meera Mishra - District Programme Coordinator - meera.mishra@nic.in
GFU00864,2023-24,2024-07-02,Maharashtra,Kolhapur,Ministry of Rural Development,Mahatma Gandhi National Rural Employment Guarantee Scheme,MGNREGS,Centrally Sponsored (60:40),NGO / Partner Organisation,305.38,272.12,104.44,38.38,483,283.0,1909,1139.0,Delayed,Awaiting third-party audit clearance,Pooja Iyer - District Collector Office - pooja.iyer@nic.in
GFU00152,2023-24,2022-07-24,Rajasthan,jodhpur,Ministry of Education,Samagra Shiksha Abhiyan,SS,Centrally Sponsored (60:40),District Panchayat / Zilla Parishad,665.12,484.17,0.0,0.0,230,0.0,1270,0.0,Not Started,Fund utilization certificate pending,Manoj Mishra - Assistant Engineer - manoj.mishra@nic.in
GFU00393,2022-23,2023-03-05,Rajasthan,Jaipur,Ministry of Education,PM Poshan (Mid-Day Meal Scheme),PMPOSHAN,Centrally Sponsored (60:40),State Nodal Agency,625.13,369.84,354.89,95.96,198,196.0,1696,1709.0,Completed,Work completed as per schedule,Arvind Naik - District Collector Office - arvind.naik@nic.in
GFU00231,2022-23,2024-02-10,Maharashtra,Nashik,Ministry of Education,PM Poshan (Mid-Day Meal Scheme),PMPOSHAN,Centrally Sponsored (60:40),Urban Local Body (ULB),407.65,354.13,151.53,42.79,305,269.0,4696,3896.0,Ongoing,Material procurement in progress,Anjali Kumar - District Programme Coordinator - anjali.kumar@nic.in
GFU00769,2023-24,2024-11-20,Maharashtra,Pune,Ministry of Agriculture & Farmers Welfare,Pradhan Mantri Fasal Bima Yojana,PMFBY,Central Sector,State Nodal Agency,170.86,124.04,121.2,97.71,198,197.0,171,,Completed,Material procurement in progress,Manoj Kumar - District Collector Office - manoj.kumar@nic.in
GFU00556,2024-25,2025-03-01,Kerala,Kochi,Ministry of Rural Development,Mahatma Gandhi National Rural Employment Guarantee Scheme,MGNREGS,Centrally Sponsored (60:40),District Panchayat / Zilla Parishad,102.31,58.38,54.28,92.98,351,350.0,1430,1320.0,Completed,Awaiting third-party audit clearance,Sanjay Mishra - Assistant Engineer - sanjay.mishra@nic.in
GFU00751,2024-25,2023-08-22,Kerala,thiruvananthapuram,Ministry of Education,PM Poshan (Mid-Day Meal Scheme),PMPOSHAN,Centrally Sponsored (60:40),Gram Panchayat,176.39,148.32,138.17,93.16,361,361.0,2619,2586.0,Completed,Delay due to - contractor mobilisation issue,Arvind Nair - Scheme Nodal Officer - arvind.nair@nic.in
GFU00857,2023-24,2024-04-24,Karnataka, Mangaluru,Ministry of Education,PM Poshan (Mid-Day Meal Scheme),PMPOSHAN,Centrally Sponsored (60:40),District Panchayat / Zilla Parishad,70.79,53.07,23.7,44.66,417,269.0,4474,2937.0,Delayed,,Meera Rao - District Programme Coordinator - meera.rao@nic.in
GFU00189,2022-23,2022-06-13,Bihar,Patna,Ministry of Health & Family Welfare,Ayushman Bharat - Pradhan Mantri Jan Arogya Yojana,PMJAY,Centrally Sponsored (60:40),District Panchayat / Zilla Parishad,254.7,145.82,56.73,38.9,74,30.0,1276,527.0,Delayed,  Delay due to - contractor mobilisation issue  ,Vinod Kumar - District Collector Office - vinod.kumar@nic.in
GFU00894,2024-25,2024-03-23,Bihar,gaya,Ministry of Rural Development,Pradhan Mantri Awas Yojana - Gramin,PMAY-G,Centrally Sponsored (60:40),State Nodal Agency,59.8,31.34,25.65,81.84,423,111.0,3756,978.0,Delayed,Utilization certificate submitted and verified,Ganesh Singh - Block Development Officer - ganesh.singh@nic.in
GFU00781,2023-24,2023-06-12,Kerala,Thrissur,Ministry of Rural Development,Pradhan Mantri Awas Yojana - Gramin,PMAY-G,Centrally Sponsored (60:40),Gram Panchayat,144.73,96.58,29.49,30.53,36,10.0,4518,1222.0,Delayed,,Ganesh Chatterjee - District Collector Office - ganesh.chatterjee@nic.in
GFU00186,2022-23,2023-07-18,Kerala,Kozhikode,Ministry of Health & Family Welfare,National Health Mission,NHM,Centrally Sponsored (60:40),Gram Panchayat,93.81,50.79,42.24,83.17,318,240.0,636,,Delayed,Fund utilization certificate pending,Ganesh Kumar - District Collector Office - ganesh.kumar@nic.in
GFU00044,2022-23,2025-01-09,Kerala, Kollam,Ministry of Health & Family Welfare,Ayushman Bharat - Pradhan Mantri Jan Arogya Yojana,PMJAY,Centrally Sponsored (60:40),District Panchayat / Zilla Parishad,567.68,372.32,333.87,89.67,171,169.0,4367,4299.0,Completed,Delay due to - contractor mobilisation issue,Anjali Mishra - Block Development Officer - anjali.mishra@nic.in
GFU00382,2024-25,2021-08-21,Bihar,bhagalpur,Ministry of Agriculture & Farmers Welfare,Pradhan Mantri Fasal Bima Yojana,PMFBY,Central Sector,NGO / Partner Organisation,485.79,399.12,283.47,71.02,453,398.0,2599,,Delayed,Utilization certificate submitted and verified,Kavita Mishra - District Collector Office - kavita.mishra@nic.in
GFU00593,2022-23,2022-02-13,Madhya Pradesh,Gwalior,Ministry of Agriculture & Farmers Welfare,Pradhan Mantri Fasal Bima Yojana,PMFBY,Central Sector,Gram Panchayat,76.46,44.46,37.88,85.2,400,400.0,772,788.0,Completed,Fund utilization certificate pending,Sanjay Kumar - District Collector Office - sanjay.kumar@nic.in
GFU00597,2021-22,2023-01-30,Tamil Nadu,Salem,Ministry of Agriculture & Farmers Welfare,PM Kisan Samman Nidhi,PMKISAN,Central Sector,Urban Local Body (ULB),492.32,437.96,0.0,0.0,465,0.0,4024,0.0,Not Started,Awaiting third-party audit clearance,Sunita Verma - District Programme Coordinator - sunita.verma@nic.in
GFU00143,2023-24,2024-01-21,Tamil Nadu,Madurai,Ministry of Jal Shakti,Jal Jeevan Mission,JJM,Centrally Sponsored (90:10),Gram Panchayat,714.09,487.35,485.22,99.56,128,126.0,3718,3496.0,Completed,Material procurement in progress,Manoj Verma - Assistant Engineer - manoj.verma@nic.in
GFU00983,2024-25,2023-11-02,Tamil Nadu,madurai,Ministry of Jal Shakti,Jal Jeevan Mission,JJM,Centrally Sponsored (90:10),District Panchayat / Zilla Parishad,272.27,236.2,203.17,86.02,358,356.0,4633,4248.0,Completed,  Fund utilization certificate pending  ,Arvind Iyer - Block Development Officer - arvind.iyer@nic.in
GFU00563,2023-24,2023-08-29,Kerala, Kochi,Ministry of Jal Shakti,Jal Jeevan Mission,JJM,Centrally Sponsored (90:10),District Panchayat / Zilla Parishad,765.28,469.22,214.25,45.66,158,136.0,2768,2458.0,Delayed,No remarks recorded,Meera Singh - District Collector Office - meera.singh@nic.in
GFU00788,2023-24,2024-07-04,Gujarat,Rajkot,Ministry of Jal Shakti,Jal Jeevan Mission,JJM,Centrally Sponsored (90:10),State Nodal Agency,462.73,236.77,202.97,85.72,292,291.0,2005,1921.0,Completed,Fund utilization certificate pending,Anjali Patel - Assistant Engineer - anjali.patel@nic.in
GFU00353,2024-25,2021-07-26,Maharashtra,Nashik,Ministry of Health & Family Welfare,Ayushman Bharat - Pradhan Mantri Jan Arogya Yojana,PMJAY,Centrally Sponsored (60:40),Gram Panchayat,32.59,24.88,22.84,91.8,371,371.0,1811,1825.0,Completed,No remarks recorded,Vinod Rao - District Programme Coordinator - vinod.rao@nic.in
GFU00318,2022-23,2024-04-26,West Bengal,Kolkata,Ministry of Rural Development,Mahatma Gandhi National Rural Employment Guarantee Scheme,MGNREGS,Centrally Sponsored (60:40),Gram Panchayat,500.2,400.03,381.37,95.34,422,421.0,406,409.0,Completed,Beneficiary list under revision,Arvind Iyer - Assistant Engineer - arvind.iyer@nic.in
GFU00323,2023-24,2025-01-05,Madhya Pradesh,Jabalpur,Ministry of Health & Family Welfare,National Health Mission,NHM,Centrally Sponsored (60:40),District Panchayat / Zilla Parishad,691.25,591.46,373.94,63.22,67,62.0,593,503.0,Ongoing,Work completed as per schedule,Kavita Sharma - District Programme Coordinator - kavita.sharma@nic.in
GFU00778,2022-23,2023-12-15,Kerala,kochi,Ministry of Education,Samagra Shiksha Abhiyan,SS,Centrally Sponsored (60:40),District Panchayat / Zilla Parishad,35.71,18.04,,,102,100.0,688,696.0,Completed,  Fund utilization certificate pending  ,Pooja Verma - Block Development Officer - pooja.verma@nic.in
GFU00476,2023-24,2022-05-12,Tamil Nadu, Chennai,Ministry of Rural Development,Pradhan Mantri Gram Sadak Yojana,PMGSY,Centrally Sponsored (60:40),District Panchayat / Zilla Parishad,663.93,628.62,556.21,88.48,196,196.0,2589,2475.0,Completed,Utilization certificate submitted and verified,Sanjay Sharma - Scheme Nodal Officer - sanjay.sharma@nic.in
GFU00770,2022-23,2023-08-24,Kerala,kozhikode,Ministry of Jal Shakti,Swachh Bharat Mission - Gramin,SBM-G,Centrally Sponsored (60:40),District Panchayat / Zilla Parishad,739.51,526.87,351.27,66.67,404,22.0,727,40.0,Ongoing,Delay due to - land acquisition dispute,Pooja Das - Assistant Engineer - pooja.das@nic.in
GFU00738,2021-22,2023-09-29,Karnataka,hubballi,Ministry of Agriculture & Farmers Welfare,PM Kisan Samman Nidhi,PMKISAN,Central Sector,Urban Local Body (ULB),68.9,38.64,35.9,92.91,20,18.0,2543,2105.0,Completed,Utilization certificate submitted and verified,Lakshmi Patel - Assistant Engineer - lakshmi.patel@nic.in
GFU00330,2024-25,2024-02-17,Karnataka,Hubballi,Ministry of Rural Development,Pradhan Mantri Awas Yojana - Gramin,PMAY-G,Centrally Sponsored (60:40),State Nodal Agency,783.46,588.63,0.0,0.0,124,0.0,4597,0.0,Not Started,Beneficiary list under revision,Anjali Nair - District Collector Office - anjali.nair@nic.in
GFU00940,2023-24,2023-08-27,Gujarat, Vadodara,Ministry of Health & Family Welfare,Ayushman Bharat - Pradhan Mantri Jan Arogya Yojana,PMJAY,Centrally Sponsored (60:40),NGO / Partner Organisation,381.89,249.38,105.66,42.37,160,81.0,4958,2603.0,Delayed,Awaiting third-party audit clearance,Kavita Chatterjee - Assistant Engineer - kavita.chatterjee@nic.in
GFU00151,2023-24,2022-08-26,Maharashtra,Aurangabad ,Ministry of Jal Shakti,Jal Jeevan Mission,JJM,Centrally Sponsored (90:10),NGO / Partner Organisation,506.13,354.65,161.71,45.6,74,50.0,4585,2926.0,Ongoing,  Fund utilization certificate pending  ,Manoj Sharma - Block Development Officer - manoj.sharma@nic.in
GFU00594,2022-23,2023-11-18,Karnataka,Mysuru,Ministry of Education,Samagra Shiksha Abhiyan,SS,Centrally Sponsored (60:40),Urban Local Body (ULB),361.88,283.78,261.37,92.1,294,292.0,4374,4064.0,Completed,Material procurement in progress,Ramesh Naik - Assistant Engineer - ramesh.naik@nic.in
GFU00068,2023-24,2024-08-30,Madhya Pradesh,Ujjain,Ministry of Agriculture & Farmers Welfare,PM Kisan Samman Nidhi,PMKISAN,Central Sector,Gram Panchayat,505.04,406.04,0.0,0.0,344,0.0,3562,0.0,Not Started,Work completed as per schedule,Arvind Yadav - Block Development Officer - arvind.yadav@nic.in
GFU00716,2024-25,2022-05-09,Tamil Nadu, Chennai,Ministry of Health & Family Welfare,Ayushman Bharat - Pradhan Mantri Jan Arogya Yojana,PMJAY,Centrally Sponsored (60:40),District Panchayat / Zilla Parishad,713.04,654.59,558.4,85.31,408,216.0,4507,2437.0,Delayed,Delay due to - land acquisition dispute,Meera Das - District Collector Office - meera.das@nic.in
GFU00836,2023-24,2023-11-03,Karnataka,hubballi,Ministry of Jal Shakti,Swachh Bharat Mission - Gramin,SBM-G,Centrally Sponsored (60:40),Urban Local Body (ULB),156.46,80.25,54.2,67.54,293,283.0,129,112.0,Delayed,  Material procurement in progress  ,Ganesh Yadav - Assistant Engineer - ganesh.yadav@nic.in
GFU00540,2022-23,2024-07-10,Maharashtra,Nashik,Ministry of Rural Development,Pradhan Mantri Gram Sadak Yojana,PMGSY,Centrally Sponsored (60:40),Gram Panchayat,240.86,131.72,0.0,0.0,269,0.0,3361,0.0,Not Started,  Work completed as per schedule  ,Kavita Yadav - Block Development Officer - kavita.yadav@nic.in
GFU00432,2024-25,2023-04-18,Rajasthan,Udaipur,Ministry of Jal Shakti,Swachh Bharat Mission - Gramin,SBM-G,Centrally Sponsored (60:40),State Nodal Agency,651.57,520.43,226.53,43.53,321,196.0,1365,819.0,Delayed,Utilization certificate submitted and verified,Lakshmi Naik - Scheme Nodal Officer - lakshmi.naik@nic.in
GFU00675,2024-25,2021-08-29,Karnataka,Bengaluru ,Ministry of Health & Family Welfare,Ayushman Bharat - Pradhan Mantri Jan Arogya Yojana,PMJAY,Centrally Sponsored (60:40),Gram Panchayat,37.07,27.05,25.78,95.3,75,73.0,4693,4542.0,Completed,Delay due to - heavy monsoon rainfall,Ashok Iyer - District Collector Office - ashok.iyer@nic.in
GFU00328,2023-24,2022-07-17,Madhya Pradesh, Indore,Ministry of Jal Shakti,Swachh Bharat Mission - Gramin,SBM-G,Centrally Sponsored (60:40),Gram Panchayat,136.01,80.21,0.0,0.0,55,0.0,724,0.0,Not Started,Delay due to - land acquisition dispute,Sanjay Nair - Scheme Nodal Officer - sanjay.nair@nic.in
GFU00633,2024-25,2022-08-14,Uttar Pradesh,Lucknow,Ministry of Rural Development,Pradhan Mantri Awas Yojana - Gramin,PMAY-G,Centrally Sponsored (60:40),NGO / Partner Organisation,422.39,261.62,81.71,31.23,446,172.0,4480,1788.0,Delayed,Delay due to - contractor mobilisation issue,Rakesh Kumar - District Programme Coordinator - rakesh.kumar@nic.in
GFU00731,2023-24,2024-06-29,Uttar Pradesh, Agra,Ministry of Rural Development,Pradhan Mantri Gram Sadak Yojana,PMGSY,Centrally Sponsored (60:40),District Panchayat / Zilla Parishad,796.43,601.82,0.0,0.0,261,0.0,4136,0.0,Not Started,,Sunita Rao - Block Development Officer - sunita.rao@nic.in
GFU00525,2021-22,2023-11-14,West Bengal,kolkata,Ministry of Health & Family Welfare,Ayushman Bharat - Pradhan Mantri Jan Arogya Yojana,PMJAY,Centrally Sponsored (60:40),Urban Local Body (ULB),724.15,454.07,354.48,78.07,30,24.0,2051,1531.0,Ongoing,Utilization certificate submitted and verified,Sanjay Chatterjee - Block Development Officer - sanjay.chatterjee@nic.in
GFU00544,2021-22,2023-09-19,Maharashtra,Aurangabad,Ministry of Rural Development,Pradhan Mantri Awas Yojana - Gramin,PMAY-G,Centrally Sponsored (60:40),State Nodal Agency,416.04,302.87,270.99,89.47,475,394.0,346,278.0,Ongoing,  Awaiting third-party audit clearance  ,Pooja Chatterjee - District Collector Office - pooja.chatterjee@nic.in
GFU00988,2023-24,2021-05-20,Karnataka,Hubballi,Ministry of Health & Family Welfare,National Health Mission,NHM,Centrally Sponsored (60:40),Gram Panchayat,484.86,323.64,319.34,98.67,95,93.0,3852,3856.0,Completed,Utilization certificate submitted and verified,Anjali Mishra - Assistant Engineer - anjali.mishra@nic.in
GFU00444,2023-24,2021-05-01,Uttar Pradesh,Varanasi,Ministry of Jal Shakti,Jal Jeevan Mission,JJM,Centrally Sponsored (90:10),Gram Panchayat,259.06,197.42,97.33,49.3,385,378.0,1715,1602.0,Ongoing,Awaiting third-party audit clearance,Rakesh Rao - Block Development Officer - rakesh.rao@nic.in
GFU00592,2022-23,2022-06-03,Madhya Pradesh,Ujjain,Ministry of Rural Development,Mahatma Gandhi National Rural Employment Guarantee Scheme,MGNREGS,Centrally Sponsored (60:40),Gram Panchayat,775.51,630.14,0.0,0.0,451,0.0,2050,0.0,Not Started,Delay due to - contractor mobilisation issue,Arvind Kumar - District Programme Coordinator - arvind.kumar@nic.in
GFU00951,2023-24,2021-11-19,Bihar,Darbhanga,Ministry of Rural Development,Pradhan Mantri Gram Sadak Yojana,PMGSY,Centrally Sponsored (60:40),Gram Panchayat,668.1,542.17,300.81,55.48,480,346.0,3366,2509.0,Delayed,  Utilization certificate submitted and verified  ,Pooja Nair - Assistant Engineer - pooja.nair@nic.in
GFU00132,2022-23,2024-09-21,West Bengal,Durgapur,Ministry of Rural Development,Pradhan Mantri Gram Sadak Yojana,PMGSY,Centrally Sponsored (60:40),Gram Panchayat,107.12,101.54,48.67,47.93,450,233.0,4654,2512.0,Ongoing,Delay due to - land acquisition dispute,Arvind Naik - Assistant Engineer - arvind.naik@nic.in
GFU00775,2023-24,2021-11-05,Gujarat,Rajkot,Ministry of Rural Development,Pradhan Mantri Awas Yojana - Gramin,PMAY-G,Centrally Sponsored (60:40),Gram Panchayat,210.6,168.27,162.27,96.43,243,241.0,4417,4432.0,Completed,No remarks recorded,Ashok Kumar - Block Development Officer - ashok.kumar@nic.in
GFU00297,2024-25,2024-07-24,Uttar Pradesh,Varanasi,Ministry of Education,Samagra Shiksha Abhiyan,SS,Centrally Sponsored (60:40),District Panchayat / Zilla Parishad,764.48,436.94,194.74,44.57,179,61.0,676,229.0,Delayed,Beneficiary list under revision,Ganesh Rao - District Programme Coordinator - ganesh.rao@nic.in
GFU00284,2023-24,2023-05-03,West Bengal,Asansol,Ministry of Jal Shakti,Jal Jeevan Mission,JJM,Centrally Sponsored (90:10),Urban Local Body (ULB),700.08,541.89,523.33,96.57,198,198.0,2544,2450.0,Completed,Material procurement in progress,Manoj Iyer - District Collector Office - manoj.iyer@nic.in
GFU00895,2024-25,2021-09-25,Madhya Pradesh,Jabalpur,Ministry of Agriculture & Farmers Welfare,PM Kisan Samman Nidhi,PMKISAN,Central Sector,Gram Panchayat,595.63,371.53,,,370,,1598,55.0,Ongoing,Beneficiary list under revision,Lakshmi Chatterjee - District Collector Office - lakshmi.chatterjee@nic.in
GFU00418,2022-23,2025-01-22,Bihar,gaya,Ministry of Agriculture & Farmers Welfare,PM Kisan Samman Nidhi,PMKISAN,Central Sector,Urban Local Body (ULB),791.5,526.3,228.57,43.43,202,52.0,716,175.0,Delayed,  Delay due to - heavy monsoon rainfall  ,Arvind Verma - District Programme Coordinator - arvind.verma@nic.in
GFU00945,2024-25,2022-07-02,Maharashtra,Aurangabad,Ministry of Rural Development,Pradhan Mantri Awas Yojana - Gramin,PMAY-G,Centrally Sponsored (60:40),NGO / Partner Organisation,450.1,426.13,417.5,97.97,318,316.0,4383,4385.0,Completed,Beneficiary list under revision,Meera Naik - District Collector Office - meera.naik@nic.in
GFU00131,2024-25,2022-01-26,West Bengal,Durgapur,Ministry of Jal Shakti,Jal Jeevan Mission,JJM,Centrally Sponsored (90:10),District Panchayat / Zilla Parishad,737.58,699.76,325.07,46.45,145,136.0,3256,2898.0,Delayed,Delay due to - heavy monsoon rainfall,Lakshmi Singh - District Collector Office - lakshmi.singh@nic.in
GFU00543,2024-25,2024-06-01,Uttar Pradesh,Meerut,Ministry of Agriculture & Farmers Welfare,PM Kisan Samman Nidhi,PMKISAN,Central Sector,Gram Panchayat,758.01,667.59,221.1,33.12,171,59.0,2723,913.0,Ongoing,  Delay due to - land acquisition dispute  ,Ramesh Rao - Assistant Engineer - ramesh.rao@nic.in
GFU00980,2024-25,2023-10-06,Bihar,darbhanga,Ministry of Education,PM Poshan (Mid-Day Meal Scheme),PMPOSHAN,Centrally Sponsored (60:40),Gram Panchayat,244.73,217.84,189.79,87.12,286,285.0,4198,4186.0,Completed,Utilization certificate submitted and verified,Sanjay Patel - District Programme Coordinator - sanjay.patel@nic.in
GFU00115,2023-24,2023-07-31,Uttar Pradesh,Varanasi,Ministry of Jal Shakti,Swachh Bharat Mission - Gramin,SBM-G,Centrally Sponsored (60:40),Gram Panchayat,477.93,437.74,284.29,64.94,291,262.0,2322,2076.0,Delayed,Fund utilization certificate pending,Vinod Mishra - District Programme Coordinator - vinod.mishra@nic.in
GFU00826,2022-23,2023-12-27,Madhya Pradesh, Jabalpur,Ministry of Education,Samagra Shiksha Abhiyan,SS,Centrally Sponsored (60:40),Urban Local Body (ULB),712.63,495.35,449.13,90.67,202,202.0,1178,1151.0,Completed,Material procurement in progress,Deepa Rao - Block Development Officer - deepa.rao@nic.in
GFU00558,2023-24,2024-02-09,Gujarat,Vadodara,Ministry of Agriculture & Farmers Welfare,Pradhan Mantri Fasal Bima Yojana,PMFBY,Central Sector,NGO / Partner Organisation,573.35,483.25,415.87,86.06,336,336.0,671,690.0,Completed,Fund utilization certificate pending,Sunita Iyer - Block Development Officer - sunita.iyer@nic.in
GFU00968,2022-23,2021-10-13,Bihar,patna,Ministry of Agriculture & Farmers Welfare,Pradhan Mantri Fasal Bima Yojana,PMFBY,Central Sector,Gram Panchayat,461.76,442.65,344.35,77.79,369,278.0,1413,997.0,Ongoing,Material procurement in progress,Rakesh Reddy - District Programme Coordinator - rakesh.reddy@nic.in
GFU00815,2023-24,2021-10-08,Bihar, Bhagalpur,Ministry of Agriculture & Farmers Welfare,Pradhan Mantri Fasal Bima Yojana,PMFBY,Central Sector,NGO / Partner Organisation,229.27,159.92,100.0,62.53,390,158.0,435,167.0,Ongoing,Beneficiary list under revision,Sanjay Chatterjee - Block Development Officer - sanjay.chatterjee@nic.in
GFU00272,2021-22,2023-02-18,West Bengal,Asansol,Ministry of Education,PM Poshan (Mid-Day Meal Scheme),PMPOSHAN,Centrally Sponsored (60:40),Urban Local Body (ULB),762.09,414.89,353.38,85.17,117,87.0,4277,,Delayed,  Utilization certificate submitted and verified  ,Ganesh Yadav - Assistant Engineer - ganesh.yadav@nic.in
GFU00314,2024-25,2024-01-17,Bihar,Muzaffarpur,Ministry of Education,Samagra Shiksha Abhiyan,SS,Centrally Sponsored (60:40),NGO / Partner Organisation,193.12,182.81,0.0,0.0,9,0.0,1167,0.0,Not Started,Material procurement in progress,Ganesh Rao - District Collector Office - ganesh.rao@nic.in
GFU00378,2023-24,2021-07-16,West Bengal,Howrah,Ministry of Agriculture & Farmers Welfare,PM Kisan Samman Nidhi,PMKISAN,Central Sector,State Nodal Agency,755.21,624.3,536.52,85.94,337,337.0,3988,3737.0,Completed,Utilization certificate submitted and verified,Arvind Reddy - District Programme Coordinator - arvind.reddy@nic.in
GFU00447,2022-23,2024-10-23,West Bengal,Durgapur ,Ministry of Health & Family Welfare,National Health Mission,NHM,Centrally Sponsored (60:40),NGO / Partner Organisation,762.46,443.0,399.92,90.28,388,,1536,1523.0,Completed,Delay due to - land acquisition dispute,Ganesh Verma - District Programme Coordinator - ganesh.verma@nic.in
GFU00559,2021-22,2023-06-29,Uttar Pradesh,Meerut,Ministry of Rural Development,Pradhan Mantri Awas Yojana - Gramin,PMAY-G,Centrally Sponsored (60:40),District Panchayat / Zilla Parishad,750.24,428.41,177.56,41.45,416,400.0,4803,4266.0,Ongoing,,Ashok Sharma - Assistant Engineer - ashok.sharma@nic.in
GFU00429,2023-24,2024-04-17,Rajasthan,kota,Ministry of Education,Samagra Shiksha Abhiyan,SS,Centrally Sponsored (60:40),State Nodal Agency,730.27,525.52,501.98,95.52,402,400.0,1519,1424.0,Completed,Beneficiary list under revision,Meera Rao - Scheme Nodal Officer - meera.rao@nic.in
GFU00285,2022-23,2024-07-21,Kerala,kollam,Ministry of Health & Family Welfare,National Health Mission,NHM,Centrally Sponsored (60:40),Gram Panchayat,439.89,226.53,214.98,94.9,302,300.0,1476,1485.0,Completed,  Delay due to - heavy monsoon rainfall  ,Deepa Sharma - Assistant Engineer - deepa.sharma@nic.in
GFU00130,2022-23,2024-01-29,Maharashtra,Nagpur,Ministry of Rural Development,Pradhan Mantri Gram Sadak Yojana,PMGSY,Centrally Sponsored (60:40),District Panchayat / Zilla Parishad,620.72,328.16,157.13,47.88,350,185.0,2313,1199.0,Delayed,Fund utilization certificate pending,Rakesh Patel - Assistant Engineer - rakesh.patel@nic.in
GFU00396,2023-24,2024-08-11,West Bengal, Siliguri,Ministry of Rural Development,Pradhan Mantri Awas Yojana - Gramin,PMAY-G,Centrally Sponsored (60:40),NGO / Partner Organisation,410.08,326.8,304.49,93.17,41,36.0,1342,1209.0,Ongoing,  Delay due to - land acquisition dispute  ,Meera Patel - District Programme Coordinator - meera.patel@nic.in
GFU00862,2022-23,2024-08-27,Kerala,Kochi,Ministry of Health & Family Welfare,National Health Mission,NHM,Centrally Sponsored (60:40),District Panchayat / Zilla Parishad,107.38,79.65,,,118,104.0,384,317.0,Ongoing,Beneficiary list under revision,Kavita Sharma - Scheme Nodal Officer - kavita.sharma@nic.in
GFU00394,2024-25,2021-12-15,Karnataka,belagavi,Ministry of Rural Development,Pradhan Mantri Awas Yojana - Gramin,PMAY-G,Centrally Sponsored (60:40),State Nodal Agency,740.28,553.14,451.68,81.66,387,253.0,4014,2569.0,Delayed,Delay due to - land acquisition dispute,Arvind Naik - Block Development Officer - arvind.naik@nic.in
GFU00327,2021-22,2022-02-18,West Bengal,Kolkata,Ministry of Education,Samagra Shiksha Abhiyan,SS,Centrally Sponsored (60:40),Gram Panchayat,419.05,380.11,333.54,87.75,112,110.0,128,122.0,Completed,,Vinod Reddy - Scheme Nodal Officer - vinod.reddy@nic.in
GFU00647,2022-23,2024-07-29,Kerala,Kochi,Ministry of Agriculture & Farmers Welfare,Pradhan Mantri Fasal Bima Yojana,PMFBY,Central Sector,State Nodal Agency,480.35,474.53,472.48,99.57,38,35.0,2219,2130.0,Ongoing,No remarks recorded,Kavita Patel - District Collector Office - kavita.patel@nic.in
GFU00211,2022-23,2024-11-13,West Bengal,Howrah,Ministry of Education,PM Poshan (Mid-Day Meal Scheme),PMPOSHAN,Centrally Sponsored (60:40),District Panchayat / Zilla Parishad,197.77,121.18,103.26,85.21,170,169.0,3160,3165.0,Completed,Beneficiary list under revision,Ganesh Chatterjee - Scheme Nodal Officer - ganesh.chatterjee@nic.in
GFU00625,2022-23,2022-08-05,West Bengal,Howrah,Ministry of Health & Family Welfare,National Health Mission,NHM,Centrally Sponsored (60:40),Urban Local Body (ULB),692.26,682.52,0.0,0.0,241,0.0,777,,Not Started,Delay due to - contractor mobilisation issue,Lakshmi Sharma - District Programme Coordinator - lakshmi.sharma@nic.in
GFU00785,2024-25,2023-05-17,Karnataka,Bengaluru,Ministry of Rural Development,Pradhan Mantri Gram Sadak Yojana,PMGSY,Centrally Sponsored (60:40),Gram Panchayat,649.36,459.01,300.43,65.45,115,81.0,1562,1003.0,Delayed,Delay due to - land acquisition dispute,Pooja Kumar - District Collector Office - pooja.kumar@nic.in
GFU00180,2021-22,2023-11-11,Kerala, Thiruvananthapuram,Ministry of Education,PM Poshan (Mid-Day Meal Scheme),PMPOSHAN,Centrally Sponsored (60:40),District Panchayat / Zilla Parishad,166.89,137.46,,,431,116.0,1424,356.0,Delayed,,Meera Sharma - District Programme Coordinator - meera.sharma@nic.in
GFU00538,2023-24,2021-07-06,Kerala,Kochi,Ministry of Health & Family Welfare,National Health Mission,NHM,Centrally Sponsored (60:40),State Nodal Agency,361.87,251.92,242.7,96.34,100,31.0,100,30.0,Delayed,Delay due to - heavy monsoon rainfall,Deepa Kumar - Block Development Officer - deepa.kumar@nic.in
GFU00041,2024-25,2022-11-23,Uttar Pradesh,Varanasi,Ministry of Education,Samagra Shiksha Abhiyan,SS,Centrally Sponsored (60:40),Urban Local Body (ULB),317.4,291.26,253.34,86.98,98,26.0,2183,527.0,Delayed,  Fund utilization certificate pending  ,Pooja Nair - District Collector Office - pooja.nair@nic.in
GFU00307,2023-24,2021-05-10,Tamil Nadu,Madurai,Ministry of Education,Samagra Shiksha Abhiyan,SS,Centrally Sponsored (60:40),Urban Local Body (ULB),444.15,380.82,202.74,53.24,51,7.0,2034,,Delayed,Delay due to - contractor mobilisation issue,Sanjay Nair - District Programme Coordinator - sanjay.nair@nic.in
GFU00649,2021-22,2022-09-28,Tamil Nadu,Salem,Ministry of Agriculture & Farmers Welfare,Pradhan Mantri Fasal Bima Yojana,PMFBY,Central Sector,Urban Local Body (ULB),683.44,370.57,121.84,32.88,428,229.0,3255,1614.0,Ongoing,Awaiting third-party audit clearance,Ramesh Nair - District Collector Office - ramesh.nair@nic.in
GFU00374,2022-23,2023-12-08,Rajasthan,Ajmer,Ministry of Education,PM Poshan (Mid-Day Meal Scheme),PMPOSHAN,Centrally Sponsored (60:40),Gram Panchayat,294.94,239.49,124.42,51.95,215,7.0,4924,165.0,Ongoing,Delay due to - land acquisition dispute,Pooja Naik - Assistant Engineer - pooja.naik@nic.in
GFU00205,2023-24,2021-06-03,Tamil Nadu,Salem,Ministry of Jal Shakti,Jal Jeevan Mission,JJM,Centrally Sponsored (90:10),Urban Local Body (ULB),178.51,115.8,115.46,99.71,398,81.0,524,110.0,Ongoing,Fund utilization certificate pending,Pooja Iyer - Scheme Nodal Officer - pooja.iyer@nic.in
GFU00812,2022-23,2021-05-23,Gujarat,Bhavnagar,Ministry of Agriculture & Farmers Welfare,Pradhan Mantri Fasal Bima Yojana,PMFBY,Central Sector,Gram Panchayat,32.46,29.14,10.94,37.54,344,343.0,4371,4375.0,Ongoing,Material procurement in progress,Anjali Patel - Assistant Engineer - anjali.patel@nic.in
GFU00273,2023-24,2024-08-01,Gujarat,Surat ,Ministry of Jal Shakti,Swachh Bharat Mission - Gramin,SBM-G,Centrally Sponsored (60:40),District Panchayat / Zilla Parishad,461.59,428.21,419.22,97.9,115,91.0,4118,3102.0,Delayed,Material procurement in progress,Arvind Iyer - Assistant Engineer - arvind.iyer@nic.in
GFU00009,2022-23,2023-12-21,Maharashtra,Pune,Ministry of Agriculture & Farmers Welfare,Pradhan Mantri Fasal Bima Yojana,PMFBY,Central Sector,District Panchayat / Zilla Parishad,278.46,221.42,219.45,99.11,301,301.0,4215,4142.0,Completed,Work completed as per schedule,Lakshmi Chatterjee - Scheme Nodal Officer - lakshmi.chatterjee@nic.in
GFU00356,2022-23,2023-12-09,Madhya Pradesh,Indore,Ministry of Health & Family Welfare,National Health Mission,NHM,Centrally Sponsored (60:40),Urban Local Body (ULB),114.24,64.36,38.48,59.79,120,88.0,2613,1832.0,Ongoing,,Meera Chatterjee - District Collector Office - meera.chatterjee@nic.in
GFU00585,2023-24,2021-06-09,West Bengal,howrah,Ministry of Jal Shakti,Swachh Bharat Mission - Gramin,SBM-G,Centrally Sponsored (60:40),District Panchayat / Zilla Parishad,691.58,676.63,329.82,48.74,76,33.0,2296,958.0,Ongoing,Work completed as per schedule,Arvind Patel - Assistant Engineer - arvind.patel@nic.in
GFU00630,2024-25,2024-01-19,West Bengal,Siliguri,Ministry of Rural Development,Pradhan Mantri Awas Yojana - Gramin,PMAY-G,Centrally Sponsored (60:40),Gram Panchayat,749.06,704.33,598.77,85.01,183,183.0,3211,3158.0,Completed,Fund utilization certificate pending,Ganesh Patel - Scheme Nodal Officer - ganesh.patel@nic.in
GFU00071,2022-23,2024-08-04,Tamil Nadu,Tiruchirappalli,Ministry of Jal Shakti,Swachh Bharat Mission - Gramin,SBM-G,Centrally Sponsored (60:40),District Panchayat / Zilla Parishad,156.64,142.8,0.0,0.0,432,0.0,4639,0.0,Not Started,Beneficiary list under revision,Ramesh Nair - Assistant Engineer - ramesh.nair@nic.in
GFU00398,2024-25,2023-07-28,Gujarat,Ahmedabad,Ministry of Rural Development,Mahatma Gandhi National Rural Employment Guarantee Scheme,MGNREGS,Centrally Sponsored (60:40),District Panchayat / Zilla Parishad,540.71,531.93,431.18,81.06,191,21.0,711,73.0,Ongoing,Work completed as per schedule,Manoj Singh - District Programme Coordinator - manoj.singh@nic.in
GFU00909,2023-24,2024-04-29,West Bengal,Kolkata,Ministry of Education,PM Poshan (Mid-Day Meal Scheme),PMPOSHAN,Centrally Sponsored (60:40),Urban Local Body (ULB),34.74,26.38,15.0,56.86,22,16.0,4702,3213.0,Ongoing,Fund utilization certificate pending,Ramesh Sharma - District Collector Office - ramesh.sharma@nic.in
GFU00717,2024-25,2022-05-25,Uttar Pradesh,Varanasi,Ministry of Health & Family Welfare,Ayushman Bharat - Pradhan Mantri Jan Arogya Yojana,PMJAY,Centrally Sponsored (60:40),Urban Local Body (ULB),621.92,489.65,165.36,33.77,158,55.0,711,226.0,Ongoing,Material procurement in progress,Meera Kumar - Scheme Nodal Officer - meera.kumar@nic.in
GFU00140,2024-25,2022-03-04,Madhya Pradesh,Bhopal,Ministry of Health & Family Welfare,National Health Mission,NHM,Centrally Sponsored (60:40),Gram Panchayat,210.62,130.47,69.21,53.05,315,299.0,3025,2880.0,Ongoing,Work completed as per schedule,Arvind Verma - District Programme Coordinator - arvind.verma@nic.in
GFU00169,2022-23,2021-11-06,Uttar Pradesh,Agra,Ministry of Jal Shakti,Jal Jeevan Mission,JJM,Centrally Sponsored (90:10),District Panchayat / Zilla Parishad,124.53,107.82,43.88,40.7,137,30.0,4153,947.0,Delayed,,Sunita Reddy - Scheme Nodal Officer - sunita.reddy@nic.in
GFU00008,2022-23,2023-12-06,Maharashtra,Pune,Ministry of Education,PM Poshan (Mid-Day Meal Scheme),PMPOSHAN,Centrally Sponsored (60:40),State Nodal Agency,151.25,125.91,108.97,86.55,161,8.0,2710,130.0,Delayed,No remarks recorded,Sanjay Chatterjee - Scheme Nodal Officer - sanjay.chatterjee@nic.in
GFU00827,2023-24,2021-04-02,Uttar Pradesh,Kanpur,Ministry of Rural Development,Mahatma Gandhi National Rural Employment Guarantee Scheme,MGNREGS,Centrally Sponsored (60:40),District Panchayat / Zilla Parishad,572.46,368.83,318.49,86.35,130,128.0,357,352.0,Completed,Delay due to - heavy monsoon rainfall,Sanjay Rao - Block Development Officer - sanjay.rao@nic.in
GFU00506,2021-22,2023-02-15,Uttar Pradesh,Kanpur,Ministry of Health & Family Welfare,National Health Mission,NHM,Centrally Sponsored (60:40),Gram Panchayat,578.46,385.63,150.73,39.09,300,219.0,293,199.0,Ongoing,  Work completed as per schedule  ,Sanjay Sharma - District Collector Office - sanjay.sharma@nic.in
GFU00478,2022-23,2024-11-18,Uttar Pradesh,Meerut ,Ministry of Education,Samagra Shiksha Abhiyan,SS,Centrally Sponsored (60:40),Gram Panchayat,782.01,645.13,0.0,0.0,339,0.0,900,0.0,Not Started,  Material procurement in progress  ,Arvind Reddy - Assistant Engineer - arvind.reddy@nic.in
GFU00094,2022-23,2021-04-24,Madhya Pradesh, Gwalior,Ministry of Education,PM Poshan (Mid-Day Meal Scheme),PMPOSHAN,Centrally Sponsored (60:40),District Panchayat / Zilla Parishad,28.6,25.05,19.94,79.6,204,42.0,2496,498.0,Ongoing,Work completed as per schedule,Deepa Kumar - Block Development Officer - deepa.kumar@nic.in
GFU00513,2022-23,2024-04-20,Tamil Nadu,Chennai,Ministry of Jal Shakti,Jal Jeevan Mission,JJM,Centrally Sponsored (90:10),District Panchayat / Zilla Parishad,38.79,35.25,31.01,87.97,108,106.0,3406,3424.0,Completed,  Work completed as per schedule  ,Ganesh Patel - District Programme Coordinator - ganesh.patel@nic.in
GFU00510,2021-22,2021-11-09,Uttar Pradesh,varanasi,Ministry of Education,Samagra Shiksha Abhiyan,SS,Centrally Sponsored (60:40),Gram Panchayat,342.29,246.88,193.72,78.47,327,304.0,1512,1445.0,Ongoing,Work completed as per schedule,Meera Verma - District Programme Coordinator - meera.verma@nic.in
GFU00080,2023-24,2024-05-22,Tamil Nadu,Madurai,Ministry of Agriculture & Farmers Welfare,PM Kisan Samman Nidhi,PMKISAN,Central Sector,District Panchayat / Zilla Parishad,500.12,302.69,294.55,97.31,274,272.0,1665,1669.0,Completed,Awaiting third-party audit clearance,Meera Mishra - District Programme Coordinator - meera.mishra@nic.in
GFU00555,2022-23,2022-03-12,Gujarat,Ahmedabad,Ministry of Education,Samagra Shiksha Abhiyan,SS,Centrally Sponsored (60:40),NGO / Partner Organisation,450.03,238.95,229.48,96.04,303,303.0,4575,4174.0,Completed,  Fund utilization certificate pending  ,Kavita Verma - Scheme Nodal Officer - kavita.verma@nic.in
GFU00553,2024-25,2024-02-21,Tamil Nadu,Madurai,Ministry of Education,PM Poshan (Mid-Day Meal Scheme),PMPOSHAN,Centrally Sponsored (60:40),Urban Local Body (ULB),311.19,187.49,0.0,0.0,41,0.0,4644,0.0,Not Started,Work completed as per schedule,Anjali Iyer - District Collector Office - anjali.iyer@nic.in
GFU00343,2021-22,2024-07-17,Gujarat, Rajkot,Ministry of Jal Shakti,Jal Jeevan Mission,JJM,Centrally Sponsored (90:10),Urban Local Body (ULB),538.55,294.0,285.41,97.08,241,241.0,2213,2224.0,Completed,Fund utilization certificate pending,Vinod Naik - District Collector Office - vinod.naik@nic.in
GFU00462,2023-24,2021-10-14,Bihar,Bhagalpur,Ministry of Agriculture & Farmers Welfare,PM Kisan Samman Nidhi,PMKISAN,Central Sector,Gram Panchayat,42.5,22.7,18.47,81.37,480,403.0,4398,3649.0,Delayed,Awaiting third-party audit clearance,Ashok Reddy - District Collector Office - ashok.reddy@nic.in
GFU00674,2022-23,2022-01-24,Karnataka, Mangaluru,Ministry of Health & Family Welfare,National Health Mission,NHM,Centrally Sponsored (60:40),State Nodal Agency,359.41,217.35,200.36,92.18,392,391.0,857,809.0,Completed,Fund utilization certificate pending,Kavita Singh - Block Development Officer - kavita.singh@nic.in
GFU00050,2022-23,2022-03-01,Gujarat,Ahmedabad,Ministry of Agriculture & Farmers Welfare,Pradhan Mantri Fasal Bima Yojana,PMFBY,Central Sector,District Panchayat / Zilla Parishad,631.75,475.57,0.0,0.0,153,0.0,1506,0.0,Not Started,Delay due to - heavy monsoon rainfall,Lakshmi Chatterjee - District Collector Office - lakshmi.chatterjee@nic.in
GFU00723,2022-23,2024-11-28,Tamil Nadu,Chennai,Ministry of Jal Shakti,Swachh Bharat Mission - Gramin,SBM-G,Centrally Sponsored (60:40),Urban Local Body (ULB),97.97,85.31,73.97,86.71,48,48.0,735,723.0,Completed,  Fund utilization certificate pending  ,Pooja Iyer - Block Development Officer - pooja.iyer@nic.in
GFU00251,2021-22,2022-03-26,Maharashtra,Nagpur,Ministry of Education,Samagra Shiksha Abhiyan,SS,Centrally Sponsored (60:40),Gram Panchayat,700.82,463.82,158.08,34.08,193,15.0,1538,109.0,Delayed,  Material procurement in progress  ,Kavita Singh - District Programme Coordinator - kavita.singh@nic.in
GFU00148,2023-24,2021-10-09,Bihar,Bhagalpur,Ministry of Rural Development,Pradhan Mantri Awas Yojana - Gramin,PMAY-G,Centrally Sponsored (60:40),Gram Panchayat,587.29,538.14,319.46,59.36,229,109.0,3310,1578.0,Ongoing,Delay due to - land acquisition dispute,Lakshmi Nair - Assistant Engineer - lakshmi.nair@nic.in
GFU00391,2023-24,2022-10-21,Madhya Pradesh,Gwalior,Ministry of Jal Shakti,Swachh Bharat Mission - Gramin,SBM-G,Centrally Sponsored (60:40),Urban Local Body (ULB),573.16,402.49,393.99,97.89,359,,432,432.0,Completed,  Material procurement in progress  ,Pooja Das - District Collector Office - pooja.das@nic.in
GFU00962,2021-22,2022-11-27,Kerala,Thrissur,Ministry of Health & Family Welfare,National Health Mission,NHM,Centrally Sponsored (60:40),Gram Panchayat,202.16,119.88,,,285,0.0,725,0.0,Not Started,Utilization certificate submitted and verified,Vinod Singh - Assistant Engineer - vinod.singh@nic.in
GFU00950,2023-24,2022-03-10,Bihar, Patna,Ministry of Rural Development,Mahatma Gandhi National Rural Employment Guarantee Scheme,MGNREGS,Centrally Sponsored (60:40),NGO / Partner Organisation,638.64,596.74,232.03,38.88,226,160.0,2337,1621.0,Ongoing,No remarks recorded,Lakshmi Reddy - Scheme Nodal Officer - lakshmi.reddy@nic.in
GFU00058,2023-24,2024-11-17,Uttar Pradesh,Meerut,Ministry of Education,PM Poshan (Mid-Day Meal Scheme),PMPOSHAN,Centrally Sponsored (60:40),Gram Panchayat,560.9,493.48,456.87,92.58,477,477.0,4099,3760.0,Completed,Utilization certificate submitted and verified,Manoj Kumar - Block Development Officer - manoj.kumar@nic.in
GFU00907,2024-25,2023-02-19,Bihar, Gaya,Ministry of Agriculture & Farmers Welfare,Pradhan Mantri Fasal Bima Yojana,PMFBY,Central Sector,District Panchayat / Zilla Parishad,559.71,548.99,527.01,96.0,167,165.0,427,393.0,Ongoing,Fund utilization certificate pending,Ramesh Rao - Scheme Nodal Officer - ramesh.rao@nic.in
GFU00570,2022-23,2022-04-25,West Bengal, Siliguri,Ministry of Jal Shakti,Swachh Bharat Mission - Gramin,SBM-G,Centrally Sponsored (60:40),NGO / Partner Organisation,345.75,318.96,112.93,35.41,292,202.0,4546,2980.0,Ongoing,Fund utilization certificate pending,Ramesh Rao - Scheme Nodal Officer - ramesh.rao@nic.in
GFU00136,2024-25,2024-10-28,West Bengal,Asansol,Ministry of Rural Development,Pradhan Mantri Gram Sadak Yojana,PMGSY,Centrally Sponsored (60:40),Urban Local Body (ULB),633.86,383.78,188.11,49.02,177,77.0,1421,625.0,Ongoing,  Work completed as per schedule  ,Kavita Patel - Assistant Engineer - kavita.patel@nic.in
GFU00526,2024-25,2023-09-22,West Bengal,Asansol,Ministry of Education,PM Poshan (Mid-Day Meal Scheme),PMPOSHAN,Centrally Sponsored (60:40),Gram Panchayat,133.49,121.32,107.6,88.69,451,150.0,3244,973.0,Ongoing,Delay due to - heavy monsoon rainfall,Ganesh Verma - Scheme Nodal Officer - ganesh.verma@nic.in
GFU00690,2023-24,2022-06-17,Gujarat,bhavnagar,Ministry of Jal Shakti,Jal Jeevan Mission,JJM,Centrally Sponsored (90:10),Urban Local Body (ULB),88.31,57.17,,,302,56.0,2675,,Delayed,No remarks recorded,Ashok Sharma - District Programme Coordinator - ashok.sharma@nic.in
GFU00056,2023-24,2023-03-24,Gujarat, Rajkot,Ministry of Agriculture & Farmers Welfare,Pradhan Mantri Fasal Bima Yojana,PMFBY,Central Sector,NGO / Partner Organisation,233.93,187.38,99.62,53.16,59,32.0,2535,1263.0,Ongoing,Delay due to - contractor mobilisation issue,Pooja Chatterjee - District Collector Office - pooja.chatterjee@nic.in
GFU00774,2021-22,2024-10-23,Gujarat,Surat,Ministry of Agriculture & Farmers Welfare,Pradhan Mantri Fasal Bima Yojana,PMFBY,Central Sector,Urban Local Body (ULB),32.48,24.35,24.28,99.71,297,295.0,3879,3716.0,Completed,Material procurement in progress,Arvind Kumar - Scheme Nodal Officer - arvind.kumar@nic.in
GFU00935,2023-24,2022-08-22,Tamil Nadu,Coimbatore,Ministry of Rural Development,Pradhan Mantri Awas Yojana - Gramin,PMAY-G,Centrally Sponsored (60:40),State Nodal Agency,537.33,446.67,162.95,36.48,467,427.0,568,482.0,Delayed,Material procurement in progress,Ramesh Verma - Block Development Officer - ramesh.verma@nic.in
GFU00908,2024-25,2021-04-15,Rajasthan,Ajmer ,Ministry of Health & Family Welfare,National Health Mission,NHM,Centrally Sponsored (60:40),Gram Panchayat,536.51,337.37,273.91,81.19,165,126.0,3231,2501.0,Ongoing,Awaiting third-party audit clearance,Manoj Singh - Scheme Nodal Officer - manoj.singh@nic.in
GFU00523,2024-25,2023-06-05,Karnataka,Mangaluru,Ministry of Education,PM Poshan (Mid-Day Meal Scheme),PMPOSHAN,Centrally Sponsored (60:40),Gram Panchayat,418.43,295.88,218.78,73.94,28,5.0,4510,738.0,Delayed,Work completed as per schedule,Ramesh Das - District Collector Office - ramesh.das@nic.in
GFU00846,2023-24,2022-09-30,Rajasthan,ajmer,Ministry of Rural Development,Mahatma Gandhi National Rural Employment Guarantee Scheme,MGNREGS,Centrally Sponsored (60:40),Gram Panchayat,631.36,417.35,303.65,72.76,424,112.0,1210,300.0,Ongoing,  Delay due to - heavy monsoon rainfall  ,Vinod Das - District Programme Coordinator - vinod.das@nic.in
GFU00880,2021-22,2023-05-21,Tamil Nadu,Tiruchirappalli,Ministry of Agriculture & Farmers Welfare,PM Kisan Samman Nidhi,PMKISAN,Central Sector,District Panchayat / Zilla Parishad,262.71,256.21,176.35,68.83,453,196.0,1879,828.0,Ongoing,Work completed as per schedule,Meera Naik - District Programme Coordinator - meera.naik@nic.in
GFU00339,2023-24,2021-04-02,Rajasthan,Udaipur,Ministry of Health & Family Welfare,Ayushman Bharat - Pradhan Mantri Jan Arogya Yojana,PMJAY,Centrally Sponsored (60:40),Gram Panchayat,611.66,390.06,318.54,81.66,323,214.0,2295,1382.0,Ongoing,  Fund utilization certificate pending  ,Sanjay Rao - District Collector Office - sanjay.rao@nic.in
GFU00533,2024-25,2021-12-17,Kerala,Kozhikode,Ministry of Rural Development,Pradhan Mantri Gram Sadak Yojana,PMGSY,Centrally Sponsored (60:40),Gram Panchayat,492.88,419.77,368.92,87.89,357,72.0,2219,441.0,Delayed,  Delay due to - contractor mobilisation issue  ,Kavita Nair - Assistant Engineer - kavita.nair@nic.in
GFU00634,2021-22,2022-11-02,Maharashtra,nashik,Ministry of Jal Shakti,Swachh Bharat Mission - Gramin,SBM-G,Centrally Sponsored (60:40),District Panchayat / Zilla Parishad,497.85,446.81,0.0,0.0,288,0.0,1513,0.0,Not Started,Awaiting third-party audit clearance,Lakshmi Chatterjee - Assistant Engineer - lakshmi.chatterjee@nic.in
GFU00383,2023-24,2022-08-25,Gujarat,Ahmedabad ,Ministry of Jal Shakti,Swachh Bharat Mission - Gramin,SBM-G,Centrally Sponsored (60:40),NGO / Partner Organisation,39.18,36.12,0.0,0.0,37,0.0,2862,0.0,Not Started,Delay due to - land acquisition dispute,Lakshmi Nair - Scheme Nodal Officer - lakshmi.nair@nic.in
GFU00026,2023-24,2023-03-21,Maharashtra,Aurangabad,Ministry of Jal Shakti,Jal Jeevan Mission,JJM,Centrally Sponsored (90:10),State Nodal Agency,600.83,398.14,356.28,89.49,286,285.0,55,52.0,Completed,Fund utilization certificate pending,Vinod Nair - Assistant Engineer - vinod.nair@nic.in
GFU00048,2023-24,2021-06-17,West Bengal,Kolkata,Ministry of Agriculture & Farmers Welfare,PM Kisan Samman Nidhi,PMKISAN,Central Sector,State Nodal Agency,402.29,363.94,136.01,37.37,263,194.0,4298,3265.0,Ongoing,Utilization certificate submitted and verified,Ganesh Das - Scheme Nodal Officer - ganesh.das@nic.in
GFU00720,2023-24,2022-04-18,Kerala,Kozhikode,Ministry of Health & Family Welfare,Ayushman Bharat - Pradhan Mantri Jan Arogya Yojana,PMJAY,Centrally Sponsored (60:40),District Panchayat / Zilla Parishad,511.25,508.35,422.73,83.16,313,308.0,913,826.0,Ongoing,  Delay due to - land acquisition dispute  ,Deepa Singh - Scheme Nodal Officer - deepa.singh@nic.in
GFU00175,2024-25,2021-11-20,Gujarat,Ahmedabad,Ministry of Agriculture & Farmers Welfare,Pradhan Mantri Fasal Bima Yojana,PMFBY,Central Sector,District Panchayat / Zilla Parishad,618.43,309.8,281.75,90.95,279,5.0,3285,57.0,Ongoing,Fund utilization certificate pending,Sanjay Kumar - Scheme Nodal Officer - sanjay.kumar@nic.in
GFU00030,2023-24,2022-01-03,Bihar,Gaya,Ministry of Education,Samagra Shiksha Abhiyan,SS,Centrally Sponsored (60:40),District Panchayat / Zilla Parishad,316.57,243.25,,,481,0.0,1477,0.0,Not Started,Delay due to - contractor mobilisation issue,Meera Rao - Block Development Officer - meera.rao@nic.in
GFU00060,2021-22,2025-02-26,Rajasthan,Kota ,Ministry of Agriculture & Farmers Welfare,Pradhan Mantri Fasal Bima Yojana,PMFBY,Central Sector,District Panchayat / Zilla Parishad,35.28,17.84,15.86,88.9,491,490.0,1087,1099.0,Completed,  Beneficiary list under revision  ,Anjali Chatterjee - District Collector Office - anjali.chatterjee@nic.in
GFU00704,2024-25,2024-09-07,Uttar Pradesh,Varanasi,Ministry of Rural Development,Mahatma Gandhi National Rural Employment Guarantee Scheme,MGNREGS,Centrally Sponsored (60:40),Urban Local Body (ULB),797.11,746.17,692.66,92.83,386,385.0,1167,1095.0,Completed,Delay due to - contractor mobilisation issue,Ashok Reddy - Assistant Engineer - ashok.reddy@nic.in
GFU00390,2023-24,2022-09-13,Rajasthan,Ajmer,Ministry of Health & Family Welfare,Ayushman Bharat - Pradhan Mantri Jan Arogya Yojana,PMJAY,Centrally Sponsored (60:40),Gram Panchayat,97.21,90.58,55.11,60.84,390,135.0,323,,Ongoing,Utilization certificate submitted and verified,Rakesh Sharma - Assistant Engineer - rakesh.sharma@nic.in
GFU00154,2022-23,2023-12-15,Madhya Pradesh,bhopal,Ministry of Rural Development,Pradhan Mantri Gram Sadak Yojana,PMGSY,Centrally Sponsored (60:40),State Nodal Agency,95.2,53.6,52.56,98.06,222,221.0,2799,2540.0,Completed,,Vinod Iyer - Block Development Officer - vinod.iyer@nic.in
GFU00804,2023-24,2022-05-16,Uttar Pradesh,Lucknow,Ministry of Jal Shakti,Jal Jeevan Mission,JJM,Centrally Sponsored (90:10),Gram Panchayat,136.56,85.28,83.95,98.44,162,4.0,2002,47.0,Ongoing,No remarks recorded,Ganesh Reddy - Assistant Engineer - ganesh.reddy@nic.in
GFU00928,2022-23,2024-07-20,West Bengal,kolkata,Ministry of Education,PM Poshan (Mid-Day Meal Scheme),PMPOSHAN,Centrally Sponsored (60:40),Gram Panchayat,170.9,167.43,,,391,181.0,3987,1722.0,Ongoing,Beneficiary list under revision,Ganesh Patel - Scheme Nodal Officer - ganesh.patel@nic.in
GFU00821,2022-23,2021-07-19,Karnataka,Belagavi,Ministry of Rural Development,Pradhan Mantri Gram Sadak Yojana,PMGSY,Centrally Sponsored (60:40),District Panchayat / Zilla Parishad,174.66,156.58,135.73,86.68,226,224.0,1333,1349.0,Completed,Delay due to - heavy monsoon rainfall,Deepa Nair - Block Development Officer - deepa.nair@nic.in
GFU00708,2024-25,2024-03-20,Rajasthan,Ajmer,Ministry of Education,PM Poshan (Mid-Day Meal Scheme),PMPOSHAN,Centrally Sponsored (60:40),NGO / Partner Organisation,263.68,200.07,189.18,94.56,359,357.0,2532,2522.0,Completed,Delay due to - land acquisition dispute,Meera Naik - District Programme Coordinator - meera.naik@nic.in
GFU00162,2022-23,2024-04-05,Bihar,Darbhanga,Ministry of Health & Family Welfare,National Health Mission,NHM,Centrally Sponsored (60:40),Gram Panchayat,406.94,387.32,0.0,0.0,237,0.0,548,0.0,Not Started,,Manoj Naik - District Programme Coordinator - manoj.naik@nic.in
GFU00245,2021-22,2023-06-01,West Bengal,Howrah,Ministry of Health & Family Welfare,Ayushman Bharat - Pradhan Mantri Jan Arogya Yojana,PMJAY,Centrally Sponsored (60:40),NGO / Partner Organisation,379.0,232.38,97.36,41.9,44,25.0,1372,,Ongoing,,Sanjay Verma - Assistant Engineer - sanjay.verma@nic.in
GFU00819,2024-25,2023-04-01,Gujarat,Bhavnagar,Ministry of Jal Shakti,Jal Jeevan Mission,JJM,Centrally Sponsored (90:10),Gram Panchayat,622.23,361.2,348.81,96.57,300,300.0,2766,2573.0,Completed,Fund utilization certificate pending,Anjali Nair - District Collector Office - anjali.nair@nic.in
GFU00159,2023-24,2022-08-11,West Bengal,Kolkata ,Ministry of Education,Samagra Shiksha Abhiyan,SS,Centrally Sponsored (60:40),State Nodal Agency,796.12,406.37,381.59,93.9,345,345.0,914,918.0,Completed,No remarks recorded,Lakshmi Reddy - Scheme Nodal Officer - lakshmi.reddy@nic.in
GFU00502,2024-25,2021-04-20,Bihar, Bhagalpur,Ministry of Health & Family Welfare,National Health Mission,NHM,Centrally Sponsored (60:40),State Nodal Agency,555.54,511.14,196.39,38.42,310,272.0,4930,4436.0,Delayed,No remarks recorded,Arvind Das - District Programme Coordinator - arvind.das@nic.in
GFU00433,2024-25,2024-11-14,Maharashtra,Aurangabad,Ministry of Education,Samagra Shiksha Abhiyan,SS,Centrally Sponsored (60:40),Gram Panchayat,795.54,562.1,0.0,0.0,86,0.0,811,0.0,Not Started,Delay due to - land acquisition dispute,Ramesh Nair - District Programme Coordinator - ramesh.nair@nic.in
GFU00936,2024-25,2024-02-26,Madhya Pradesh,Gwalior,Ministry of Agriculture & Farmers Welfare,Pradhan Mantri Fasal Bima Yojana,PMFBY,Central Sector,State Nodal Agency,498.22,269.5,109.65,40.69,183,98.0,1142,553.0,Ongoing,No remarks recorded,Sanjay Das - Block Development Officer - sanjay.das@nic.in
GFU00818,2024-25,2023-04-28,West Bengal,siliguri,Ministry of Education,Samagra Shiksha Abhiyan,SS,Centrally Sponsored (60:40),Gram Panchayat,408.99,342.62,265.35,77.45,116,104.0,1796,1566.0,Ongoing,Delay due to - contractor mobilisation issue,Ramesh Reddy - Assistant Engineer - ramesh.reddy@nic.in
GFU00743,2023-24,2021-06-10,Maharashtra,Aurangabad,Ministry of Health & Family Welfare,National Health Mission,NHM,Centrally Sponsored (60:40),District Panchayat / Zilla Parishad,149.38,144.97,124.8,86.09,443,441.0,4117,4017.0,Completed,No remarks recorded,Meera Nair - Scheme Nodal Officer - meera.nair@nic.in
GFU00367,2021-22,2024-04-09,Karnataka,Mangaluru,Ministry of Jal Shakti,Swachh Bharat Mission - Gramin,SBM-G,Centrally Sponsored (60:40),Gram Panchayat,280.0,146.59,0.0,0.0,359,0.0,2038,0.0,Not Started,No remarks recorded,Meera Sharma - District Programme Coordinator - meera.sharma@nic.in
GFU00858,2022-23,2021-07-22,Uttar Pradesh,Meerut ,Ministry of Agriculture & Farmers Welfare,PM Kisan Samman Nidhi,PMKISAN,Central Sector,District Panchayat / Zilla Parishad,174.14,142.7,123.06,86.24,477,117.0,2885,708.0,Delayed,  Delay due to - contractor mobilisation issue  ,Ramesh Reddy - District Collector Office - ramesh.reddy@nic.in
GFU00055,2024-25,2022-02-18,Bihar, Bhagalpur,Ministry of Education,Samagra Shiksha Abhiyan,SS,Centrally Sponsored (60:40),Gram Panchayat,118.79,106.81,63.42,59.38,322,129.0,539,220.0,Delayed,Utilization certificate submitted and verified,Ashok Reddy - District Collector Office - ashok.reddy@nic.in
GFU00744,2023-24,2024-04-20,Uttar Pradesh,kanpur,Ministry of Jal Shakti,Swachh Bharat Mission - Gramin,SBM-G,Centrally Sponsored (60:40),District Panchayat / Zilla Parishad,63.23,36.13,36.06,99.81,361,181.0,782,357.0,Ongoing,  Utilization certificate submitted and verified  ,Manoj Naik - Assistant Engineer - manoj.naik@nic.in
GFU00025,2024-25,2024-03-12,Rajasthan,Jodhpur ,Ministry of Jal Shakti,Swachh Bharat Mission - Gramin,SBM-G,Centrally Sponsored (60:40),Gram Panchayat,760.67,582.06,312.07,53.61,117,16.0,2680,348.0,Ongoing,Delay due to - land acquisition dispute,Ashok Yadav - Scheme Nodal Officer - ashok.yadav@nic.in
GFU00299,2023-24,2024-05-03,Karnataka,Hubballi,Ministry of Rural Development,Pradhan Mantri Gram Sadak Yojana,PMGSY,Centrally Sponsored (60:40),Urban Local Body (ULB),785.81,487.91,428.58,87.84,295,148.0,3030,1545.0,Ongoing,Delay due to - heavy monsoon rainfall,Manoj Mishra - Scheme Nodal Officer - manoj.mishra@nic.in
GFU00019,2023-24,2025-02-01,Uttar Pradesh,Kanpur,Ministry of Jal Shakti,Swachh Bharat Mission - Gramin,SBM-G,Centrally Sponsored (60:40),District Panchayat / Zilla Parishad,597.77,331.74,294.31,88.72,37,22.0,1812,1057.0,Ongoing,,Sunita Das - Block Development Officer - sunita.das@nic.in
GFU00255,2024-25,2023-05-12,Madhya Pradesh,Indore,Ministry of Jal Shakti,Jal Jeevan Mission,JJM,Centrally Sponsored (90:10),State Nodal Agency,389.34,302.61,270.89,89.52,68,46.0,2850,1942.0,Ongoing,,Vinod Reddy - District Collector Office - vinod.reddy@nic.in
GFU00226,2023-24,2024-07-31,Kerala,Kozhikode ,Ministry of Rural Development,Pradhan Mantri Awas Yojana - Gramin,PMAY-G,Centrally Sponsored (60:40),District Panchayat / Zilla Parishad,292.19,155.13,59.94,38.64,264,22.0,1577,127.0,Delayed,Beneficiary list under revision,Arvind Rao - District Collector Office - arvind.rao@nic.in
GFU00420,2023-24,2023-10-08,Bihar, Patna,Ministry of Agriculture & Farmers Welfare,PM Kisan Samman Nidhi,PMKISAN,Central Sector,District Panchayat / Zilla Parishad,613.53,475.29,263.16,55.37,429,393.0,4346,4148.0,Ongoing,  Fund utilization certificate pending  ,Sanjay Chatterjee - Block Development Officer - sanjay.chatterjee@nic.in
GFU00588,2024-25,2024-06-19,Tamil Nadu,Coimbatore ,Ministry of Agriculture & Farmers Welfare,PM Kisan Samman Nidhi,PMKISAN,Central Sector,Gram Panchayat,127.03,85.5,75.18,87.93,249,248.0,3330,3219.0,Completed,  Delay due to - heavy monsoon rainfall  ,Ganesh Das - Block Development Officer - ganesh.das@nic.in
GFU00730,2022-23,2023-08-18,Rajasthan,Udaipur,Ministry of Health & Family Welfare,National Health Mission,NHM,Centrally Sponsored (60:40),Urban Local Body (ULB),136.3,75.25,,,47,12.0,4332,1120.0,Delayed,Awaiting third-party audit clearance,Kavita Nair - Scheme Nodal Officer - kavita.nair@nic.in
GFU00223,2023-24,2024-09-07,West Bengal,Kolkata,Ministry of Rural Development,Pradhan Mantri Awas Yojana - Gramin,PMAY-G,Centrally Sponsored (60:40),Urban Local Body (ULB),341.48,200.43,180.67,90.14,224,167.0,4423,3037.0,Ongoing,Delay due to - heavy monsoon rainfall,Lakshmi Chatterjee - District Programme Coordinator - lakshmi.chatterjee@nic.in
GFU00654,2021-22,2024-08-26,Kerala,Thiruvananthapuram ,Ministry of Agriculture & Farmers Welfare,PM Kisan Samman Nidhi,PMKISAN,Central Sector,Gram Panchayat,428.2,396.59,296.62,74.79,306,183.0,2631,1616.0,Ongoing,Beneficiary list under revision,Meera Chatterjee - Block Development Officer - meera.chatterjee@nic.in
GFU00425,2024-25,2022-11-07,Kerala,Kozhikode,Ministry of Agriculture & Farmers Welfare,PM Kisan Samman Nidhi,PMKISAN,Central Sector,State Nodal Agency,536.97,318.1,240.55,75.62,19,11.0,2198,1202.0,Ongoing,  Delay due to - land acquisition dispute  ,Rakesh Chatterjee - Assistant Engineer - rakesh.chatterjee@nic.in
GFU00219,2023-24,2021-04-03,Kerala,Kozhikode,Ministry of Jal Shakti,Swachh Bharat Mission - Gramin,SBM-G,Centrally Sponsored (60:40),District Panchayat / Zilla Parishad,624.59,582.41,247.94,42.57,151,82.0,1669,843.0,Delayed,Delay due to - land acquisition dispute,Ashok Naik - Block Development Officer - ashok.naik@nic.in
GFU00841,2021-22,2022-11-10,Karnataka,Belagavi ,Ministry of Rural Development,Pradhan Mantri Awas Yojana - Gramin,PMAY-G,Centrally Sponsored (60:40),District Panchayat / Zilla Parishad,711.78,445.01,419.78,94.33,377,377.0,54,53.0,Completed,  Material procurement in progress  ,Manoj Rao - District Collector Office - manoj.rao@nic.in
GFU00551,2024-25,2022-11-10,Kerala,Kollam,Ministry of Rural Development,Pradhan Mantri Gram Sadak Yojana,PMGSY,Centrally Sponsored (60:40),Urban Local Body (ULB),386.67,360.47,267.27,74.14,417,310.0,4196,3111.0,Ongoing,Awaiting third-party audit clearance,Lakshmi Naik - District Collector Office - lakshmi.naik@nic.in
GFU00956,2024-25,2021-07-30,Rajasthan,Ajmer,Ministry of Education,Samagra Shiksha Abhiyan,SS,Centrally Sponsored (60:40),Gram Panchayat,333.67,213.72,149.77,70.08,14,6.0,4313,1687.0,Ongoing,Delay due to - contractor mobilisation issue,Deepa Yadav - Block Development Officer - deepa.yadav@nic.in
GFU00443,2021-22,2022-11-08,Maharashtra,Kolhapur,Ministry of Agriculture & Farmers Welfare,PM Kisan Samman Nidhi,PMKISAN,Central Sector,District Panchayat / Zilla Parishad,566.18,478.62,365.29,76.32,157,53.0,349,113.0,Ongoing,Beneficiary list under revision,Ramesh Singh - District Collector Office - ramesh.singh@nic.in
GFU00614,2022-23,2023-03-05,Tamil Nadu,Madurai,Ministry of Jal Shakti,Jal Jeevan Mission,JJM,Centrally Sponsored (90:10),District Panchayat / Zilla Parishad,22.13,17.87,12.73,71.24,223,152.0,476,296.0,Ongoing,Utilization certificate submitted and verified,Pooja Yadav - Scheme Nodal Officer - pooja.yadav@nic.in
GFU00287,2022-23,2024-04-10,West Bengal,Asansol,Ministry of Health & Family Welfare,National Health Mission,NHM,Centrally Sponsored (60:40),NGO / Partner Organisation,765.76,551.79,510.74,92.56,180,121.0,2677,1656.0,Ongoing,Delay due to - heavy monsoon rainfall,Meera Mishra - Block Development Officer - meera.mishra@nic.in
GFU00067,2022-23,2022-09-13,Rajasthan, Jodhpur,Ministry of Rural Development,Pradhan Mantri Awas Yojana - Gramin,PMAY-G,Centrally Sponsored (60:40),State Nodal Agency,628.62,366.34,115.01,31.39,323,35.0,1910,194.0,Delayed,Utilization certificate submitted and verified,Kavita Patel - District Collector Office - kavita.patel@nic.in
GFU00454,2024-25,2022-01-29,Rajasthan,Jodhpur,Ministry of Agriculture & Farmers Welfare,PM Kisan Samman Nidhi,PMKISAN,Central Sector,State Nodal Agency,90.12,87.76,69.45,79.14,393,361.0,1392,1209.0,Ongoing,Delay due to - contractor mobilisation issue,Pooja Mishra - Scheme Nodal Officer - pooja.mishra@nic.in
GFU00930,2022-23,2024-04-14,Bihar,Muzaffarpur,Ministry of Agriculture & Farmers Welfare,PM Kisan Samman Nidhi,PMKISAN,Central Sector,Gram Panchayat,588.31,505.73,265.98,52.59,367,25.0,219,15.0,Ongoing,Awaiting third-party audit clearance,Ramesh Yadav - Scheme Nodal Officer - ramesh.yadav@nic.in
GFU00072,2022-23,2021-09-10,Karnataka,Belagavi,Ministry of Education,PM Poshan (Mid-Day Meal Scheme),PMPOSHAN,Centrally Sponsored (60:40),Gram Panchayat,205.92,181.45,57.94,31.93,319,160.0,2108,1043.0,Ongoing,  Delay due to - heavy monsoon rainfall  ,Meera Das - Assistant Engineer - meera.das@nic.in
GFU00613,2024-25,2021-08-22,Uttar Pradesh,Lucknow,Ministry of Rural Development,Mahatma Gandhi National Rural Employment Guarantee Scheme,MGNREGS,Centrally Sponsored (60:40),Gram Panchayat,428.33,270.99,268.07,98.92,212,211.0,2788,2660.0,Completed,Fund utilization certificate pending,Ashok Rao - Scheme Nodal Officer - ashok.rao@nic.in
GFU00413,2022-23,2023-03-13,Bihar,Bhagalpur ,Ministry of Rural Development,Pradhan Mantri Awas Yojana - Gramin,PMAY-G,Centrally Sponsored (60:40),Gram Panchayat,702.84,477.29,339.69,71.17,120,82.0,999,657.0,Delayed,  Work completed as per schedule  ,Arvind Naik - District Collector Office - arvind.naik@nic.in
GFU00083,2022-23,2022-07-14,Maharashtra,Nagpur,Ministry of Education,PM Poshan (Mid-Day Meal Scheme),PMPOSHAN,Centrally Sponsored (60:40),Urban Local Body (ULB),162.8,83.69,83.6,99.89,214,,3747,3592.0,Completed,Material procurement in progress,Meera Reddy - District Programme Coordinator - meera.reddy@nic.in
GFU00901,2023-24,2023-02-23,Uttar Pradesh,Agra,Ministry of Rural Development,Pradhan Mantri Awas Yojana - Gramin,PMAY-G,Centrally Sponsored (60:40),State Nodal Agency,235.89,148.22,146.24,98.66,28,7.0,3716,879.0,Ongoing,  Material procurement in progress  ,Manoj Iyer - Block Development Officer - manoj.iyer@nic.in
GFU00820,2023-24,2023-06-12,Maharashtra,kolhapur,Ministry of Education,Samagra Shiksha Abhiyan,SS,Centrally Sponsored (60:40),Urban Local Body (ULB),311.22,170.04,137.55,80.89,270,122.0,3740,1666.0,Delayed,Utilization certificate submitted and verified,Deepa Naik - District Programme Coordinator - deepa.naik@nic.in
GFU00016,2021-22,2023-11-16,West Bengal,Durgapur,Ministry of Agriculture & Farmers Welfare,PM Kisan Samman Nidhi,PMKISAN,Central Sector,State Nodal Agency,226.56,213.17,104.58,49.06,263,72.0,1935,531.0,Ongoing,,Pooja Patel - Scheme Nodal Officer - pooja.patel@nic.in
GFU00773,2023-24,2024-04-26,Karnataka,Bengaluru,Ministry of Health & Family Welfare,National Health Mission,NHM,Centrally Sponsored (60:40),Gram Panchayat,208.28,188.17,166.89,88.69,86,,1142,1143.0,Completed,No remarks recorded,Anjali Chatterjee - Assistant Engineer - anjali.chatterjee@nic.in
GFU00536,2023-24,2024-10-18,Kerala,Thiruvananthapuram,Ministry of Health & Family Welfare,Ayushman Bharat - Pradhan Mantri Jan Arogya Yojana,PMJAY,Centrally Sponsored (60:40),Gram Panchayat,43.68,37.38,33.76,90.32,280,280.0,1195,1193.0,Completed,Awaiting third-party audit clearance,Anjali Mishra - District Programme Coordinator - anjali.mishra@nic.in
GFU00586,2024-25,2022-04-13,Uttar Pradesh,Varanasi,Ministry of Education,Samagra Shiksha Abhiyan,SS,Centrally Sponsored (60:40),Gram Panchayat,264.47,164.6,,,214,213.0,234,224.0,Completed,No remarks recorded,Sanjay Singh - District Collector Office - sanjay.singh@nic.in
GFU00452,2023-24,2023-04-16,Kerala,Kozhikode,Ministry of Rural Development,Mahatma Gandhi National Rural Employment Guarantee Scheme,MGNREGS,Centrally Sponsored (60:40),District Panchayat / Zilla Parishad,604.36,449.78,425.07,94.51,329,327.0,3299,3193.0,Completed,Delay due to - contractor mobilisation issue,Sunita Yadav - Block Development Officer - sunita.yadav@nic.in
GFU00982,2024-25,2021-09-22,Karnataka,mangaluru,Ministry of Agriculture & Farmers Welfare,PM Kisan Samman Nidhi,PMKISAN,Central Sector,District Panchayat / Zilla Parishad,622.27,566.44,427.15,75.41,92,25.0,1879,469.0,Delayed,No remarks recorded,Ashok Nair - Scheme Nodal Officer - ashok.nair@nic.in
GFU00405,2023-24,2023-10-25,Tamil Nadu,Coimbatore,Ministry of Health & Family Welfare,National Health Mission,NHM,Centrally Sponsored (60:40),Gram Panchayat,35.35,30.03,28.26,94.11,107,6.0,4170,222.0,Ongoing,Utilization certificate submitted and verified,Kavita Das - Assistant Engineer - kavita.das@nic.in
GFU00491,2024-25,2021-08-27,Karnataka,Belagavi,Ministry of Rural Development,Pradhan Mantri Awas Yojana - Gramin,PMAY-G,Centrally Sponsored (60:40),Urban Local Body (ULB),292.75,203.15,74.45,36.65,284,100.0,4683,,Ongoing,Material procurement in progress,Rakesh Kumar - Block Development Officer - rakesh.kumar@nic.in
GFU00799,2021-22,2025-03-11,Karnataka,Mysuru,Ministry of Rural Development,Mahatma Gandhi National Rural Employment Guarantee Scheme,MGNREGS,Centrally Sponsored (60:40),District Panchayat / Zilla Parishad,88.81,85.28,81.98,96.13,149,147.0,3559,3193.0,Completed,Work completed as per schedule,Anjali Das - Scheme Nodal Officer - anjali.das@nic.in
GFU00747,2022-23,2022-08-14,West Bengal,Asansol ,Ministry of Rural Development,Pradhan Mantri Awas Yojana - Gramin,PMAY-G,Centrally Sponsored (60:40),Gram Panchayat,133.32,117.38,116.3,99.08,117,12.0,611,64.0,Delayed,Awaiting third-party audit clearance,Deepa Mishra - District Programme Coordinator - deepa.mishra@nic.in
GFU00365,2022-23,2023-07-12,Tamil Nadu, Salem,Ministry of Agriculture & Farmers Welfare,PM Kisan Samman Nidhi,PMKISAN,Central Sector,Gram Panchayat,40.06,27.05,15.89,58.74,128,,2451,863.0,Delayed,Material procurement in progress,Ashok Naik - Block Development Officer - ashok.naik@nic.in
GFU00460,2024-25,2025-01-21,Madhya Pradesh,Ujjain,Ministry of Agriculture & Farmers Welfare,PM Kisan Samman Nidhi,PMKISAN,Central Sector,State Nodal Agency,633.53,324.69,,,261,101.0,378,135.0,Delayed,,Sanjay Verma - Scheme Nodal Officer - sanjay.verma@nic.in
GFU00105,2024-25,2023-04-26,Uttar Pradesh,meerut,Ministry of Rural Development,Mahatma Gandhi National Rural Employment Guarantee Scheme,MGNREGS,Centrally Sponsored (60:40),State Nodal Agency,435.23,384.93,383.58,99.65,65,23.0,4265,1428.0,Delayed,Delay due to - land acquisition dispute,Ramesh Singh - Block Development Officer - ramesh.singh@nic.in
GFU00269,2024-25,2023-11-09,Bihar,Darbhanga,Ministry of Jal Shakti,Swachh Bharat Mission - Gramin,SBM-G,Centrally Sponsored (60:40),State Nodal Agency,687.19,370.29,192.38,51.95,422,120.0,1052,305.0,Delayed,  Work completed as per schedule  ,Pooja Chatterjee - Block Development Officer - pooja.chatterjee@nic.in
GFU00853,2021-22,2025-02-20,Bihar,Muzaffarpur,Ministry of Health & Family Welfare,Ayushman Bharat - Pradhan Mantri Jan Arogya Yojana,PMJAY,Centrally Sponsored (60:40),Gram Panchayat,224.96,202.22,183.63,90.81,408,406.0,1803,1779.0,Completed,Material procurement in progress,Vinod Mishra - Block Development Officer - vinod.mishra@nic.in
GFU00672,2022-23,2023-12-02,Gujarat,Vadodara,Ministry of Education,PM Poshan (Mid-Day Meal Scheme),PMPOSHAN,Centrally Sponsored (60:40),Urban Local Body (ULB),415.05,372.0,370.98,99.73,424,424.0,3798,3816.0,Completed,Work completed as per schedule,Sanjay Iyer - Assistant Engineer - sanjay.iyer@nic.in
GFU00242,2021-22,2022-12-12,Kerala,kochi,Ministry of Jal Shakti,Swachh Bharat Mission - Gramin,SBM-G,Centrally Sponsored (60:40),Urban Local Body (ULB),152.62,117.92,38.56,32.7,179,33.0,1098,202.0,Ongoing,Work completed as per schedule,Ramesh Mishra - Block Development Officer - ramesh.mishra@nic.in
GFU00431,2023-24,2024-09-12,Tamil Nadu,chennai,Ministry of Jal Shakti,Jal Jeevan Mission,JJM,Centrally Sponsored (90:10),State Nodal Agency,313.35,160.8,78.72,48.96,101,40.0,102,39.0,Ongoing,Work completed as per schedule,Vinod Yadav - District Collector Office - vinod.yadav@nic.in
GFU00871,2024-25,2025-03-19,Maharashtra,Kolhapur,Ministry of Jal Shakti,Swachh Bharat Mission - Gramin,SBM-G,Centrally Sponsored (60:40),NGO / Partner Organisation,424.72,351.05,334.51,95.29,176,174.0,1706,1725.0,Completed,Material procurement in progress,Ashok Naik - Scheme Nodal Officer - ashok.naik@nic.in
GFU00204,2022-23,2022-05-20,Gujarat, Rajkot,Ministry of Health & Family Welfare,National Health Mission,NHM,Centrally Sponsored (60:40),NGO / Partner Organisation,138.71,76.5,26.49,34.63,71,61.0,4940,4322.0,Delayed,  Delay due to - contractor mobilisation issue  ,Anjali Yadav - Scheme Nodal Officer - anjali.yadav@nic.in
GFU00931,2021-22,2023-05-05,Maharashtra,Nashik,Ministry of Agriculture & Farmers Welfare,Pradhan Mantri Fasal Bima Yojana,PMFBY,Central Sector,State Nodal Agency,554.36,541.62,0.0,0.0,148,0.0,4616,0.0,Not Started,No remarks recorded,Kavita Patel - Scheme Nodal Officer - kavita.patel@nic.in
GFU00097,2023-24,2022-05-12,Bihar,bhagalpur,Ministry of Rural Development,Pradhan Mantri Gram Sadak Yojana,PMGSY,Centrally Sponsored (60:40),District Panchayat / Zilla Parishad,93.6,85.22,83.01,97.41,396,396.0,4135,3950.0,Completed,Delay due to - land acquisition dispute,Kavita Kumar - District Collector Office - kavita.kumar@nic.in
GFU00468,2023-24,2021-07-07,Uttar Pradesh,Varanasi,Ministry of Rural Development,Pradhan Mantri Gram Sadak Yojana,PMGSY,Centrally Sponsored (60:40),Urban Local Body (ULB),133.3,118.67,0.0,0.0,78,0.0,2107,0.0,Not Started,Fund utilization certificate pending,Ramesh Mishra - Block Development Officer - ramesh.mishra@nic.in
GFU00684,2021-22,2024-12-15,Maharashtra,Nagpur,Ministry of Rural Development,Pradhan Mantri Gram Sadak Yojana,PMGSY,Centrally Sponsored (60:40),Urban Local Body (ULB),397.61,273.76,255.77,93.43,238,152.0,723,446.0,Delayed,Beneficiary list under revision,Pooja Patel - District Programme Coordinator - pooja.patel@nic.in
GFU00493,2023-24,2023-02-02,West Bengal,howrah,Ministry of Jal Shakti,Jal Jeevan Mission,JJM,Centrally Sponsored (90:10),Gram Panchayat,95.14,53.8,33.67,62.58,420,166.0,4314,1739.0,Ongoing,Beneficiary list under revision,Ramesh Chatterjee - Scheme Nodal Officer - ramesh.chatterjee@nic.in
GFU00167,2023-24,2021-10-22,Maharashtra,Kolhapur,Ministry of Health & Family Welfare,National Health Mission,NHM,Centrally Sponsored (60:40),Urban Local Body (ULB),239.28,138.21,124.53,90.1,249,249.0,3501,3358.0,Completed,Beneficiary list under revision,Deepa Nair - Block Development Officer - deepa.nair@nic.in
GFU00939,2021-22,2022-02-06,Kerala,Kochi,Ministry of Health & Family Welfare,National Health Mission,NHM,Centrally Sponsored (60:40),NGO / Partner Organisation,667.91,570.48,510.6,89.5,288,287.0,3555,3572.0,Completed,,Anjali Rao - Assistant Engineer - anjali.rao@nic.in
GFU00822,2022-23,2024-04-29,Kerala,Thrissur,Ministry of Rural Development,Pradhan Mantri Gram Sadak Yojana,PMGSY,Centrally Sponsored (60:40),Urban Local Body (ULB),326.21,173.43,168.3,97.04,125,125.0,3658,3659.0,Completed,Delay due to - contractor mobilisation issue,Rakesh Singh - Scheme Nodal Officer - rakesh.singh@nic.in
GFU00316,2023-24,2025-02-15,Rajasthan,Jodhpur,Ministry of Agriculture & Farmers Welfare,PM Kisan Samman Nidhi,PMKISAN,Central Sector,Urban Local Body (ULB),573.52,298.44,269.35,90.25,200,183.0,2716,2488.0,Ongoing,No remarks recorded,Ganesh Naik - Assistant Engineer - ganesh.naik@nic.in
GFU00362,2021-22,2022-08-12,Rajasthan,Udaipur,Ministry of Education,Samagra Shiksha Abhiyan,SS,Centrally Sponsored (60:40),Urban Local Body (ULB),132.02,101.1,99.23,98.15,451,449.0,2139,2076.0,Completed,  Work completed as per schedule  ,Ramesh Das - Scheme Nodal Officer - ramesh.das@nic.in
GFU00139,2024-25,2021-06-11,Gujarat,ahmedabad,Ministry of Rural Development,Pradhan Mantri Gram Sadak Yojana,PMGSY,Centrally Sponsored (60:40),Gram Panchayat,221.81,200.38,0.0,0.0,180,0.0,2893,0.0,Not Started,  Material procurement in progress  ,Pooja Yadav - Block Development Officer - pooja.yadav@nic.in
GFU00277,2024-25,2022-06-07,Madhya Pradesh,Ujjain,Ministry of Education,PM Poshan (Mid-Day Meal Scheme),PMPOSHAN,Centrally Sponsored (60:40),District Panchayat / Zilla Parishad,715.27,378.58,374.16,98.83,109,108.0,4125,,Completed,Material procurement in progress,Manoj Das - Assistant Engineer - manoj.das@nic.in
GFU00385,2023-24,2022-09-10,Kerala,kozhikode,Ministry of Rural Development,Mahatma Gandhi National Rural Employment Guarantee Scheme,MGNREGS,Centrally Sponsored (60:40),Gram Panchayat,392.61,281.35,,,454,71.0,844,126.0,Ongoing,,Ramesh Verma - Scheme Nodal Officer - ramesh.verma@nic.in
GFU00569,2024-25,2022-12-28,Bihar, Gaya,Ministry of Jal Shakti,Jal Jeevan Mission,JJM,Centrally Sponsored (90:10),Urban Local Body (ULB),361.43,339.76,296.52,87.27,241,239.0,2454,2409.0,Completed,,Vinod Chatterjee - District Collector Office - vinod.chatterjee@nic.in
GFU00793,2022-23,2022-07-19,Bihar,Bhagalpur,Ministry of Health & Family Welfare,National Health Mission,NHM,Centrally Sponsored (60:40),District Panchayat / Zilla Parishad,720.22,448.61,161.64,36.03,484,37.0,3352,236.0,Ongoing,Delay due to - land acquisition dispute,Ramesh Naik - Assistant Engineer - ramesh.naik@nic.in
GFU00089,2024-25,2021-06-26,Rajasthan,Kota,Ministry of Health & Family Welfare,National Health Mission,NHM,Centrally Sponsored (60:40),NGO / Partner Organisation,680.01,569.06,441.07,77.51,214,204.0,1215,1150.0,Ongoing,  Delay due to - contractor mobilisation issue  ,Manoj Rao - Block Development Officer - manoj.rao@nic.in
GFU00795,2022-23,2025-03-20,Maharashtra,Nagpur,Ministry of Education,PM Poshan (Mid-Day Meal Scheme),PMPOSHAN,Centrally Sponsored (60:40),Gram Panchayat,674.66,364.95,0.0,0.0,354,0.0,3172,0.0,Not Started,Fund utilization certificate pending,Ganesh Rao - Scheme Nodal Officer - ganesh.rao@nic.in
GFU00281,2021-22,2025-02-23,Karnataka,mysuru,Ministry of Education,PM Poshan (Mid-Day Meal Scheme),PMPOSHAN,Centrally Sponsored (60:40),District Panchayat / Zilla Parishad,654.73,466.55,234.26,50.21,434,279.0,623,411.0,Delayed,No remarks recorded,Ramesh Singh - District Collector Office - ramesh.singh@nic.in
GFU00461,2023-24,2021-10-28,Madhya Pradesh,Gwalior,Ministry of Health & Family Welfare,National Health Mission,NHM,Centrally Sponsored (60:40),Gram Panchayat,610.21,567.68,525.36,92.55,384,382.0,2681,2681.0,Completed,No remarks recorded,Pooja Nair - District Collector Office - pooja.nair@nic.in
GFU00618,2022-23,2021-11-12,Rajasthan,Ajmer,Ministry of Health & Family Welfare,Ayushman Bharat - Pradhan Mantri Jan Arogya Yojana,PMJAY,Centrally Sponsored (60:40),District Panchayat / Zilla Parishad,401.05,239.15,231.97,97.0,256,255.0,288,263.0,Completed,No remarks recorded,Rakesh Verma - District Collector Office - rakesh.verma@nic.in
GFU00868,2023-24,2024-12-16,Bihar,Bhagalpur,Ministry of Jal Shakti,Swachh Bharat Mission - Gramin,SBM-G,Centrally Sponsored (60:40),District Panchayat / Zilla Parishad,126.46,123.8,122.72,99.13,211,209.0,4873,,Completed,Fund utilization certificate pending,Vinod Mishra - District Collector Office - vinod.mishra@nic.in
GFU00600,2024-25,2023-08-12,Madhya Pradesh,Ujjain,Ministry of Education,PM Poshan (Mid-Day Meal Scheme),PMPOSHAN,Centrally Sponsored (60:40),Gram Panchayat,120.71,66.53,32.4,48.7,452,290.0,469,311.0,Delayed,Awaiting third-party audit clearance,Sunita Yadav - District Collector Office - sunita.yadav@nic.in
GFU00203,2024-25,2024-01-07,Tamil Nadu,Madurai,Ministry of Jal Shakti,Jal Jeevan Mission,JJM,Centrally Sponsored (90:10),NGO / Partner Organisation,755.99,534.69,398.26,74.48,145,20.0,3980,563.0,Ongoing,  Work completed as per schedule  ,Manoj Reddy - Assistant Engineer - manoj.reddy@nic.in
GFU00403,2022-23,2023-07-24,West Bengal,Howrah,Ministry of Rural Development,Pradhan Mantri Awas Yojana - Gramin,PMAY-G,Centrally Sponsored (60:40),Gram Panchayat,427.82,302.61,275.92,91.18,363,361.0,4327,4336.0,Completed,  Delay due to - contractor mobilisation issue  ,Rakesh Das - Scheme Nodal Officer - rakesh.das@nic.in
GFU00341,2024-25,2021-04-25,Rajasthan,Jaipur ,Ministry of Jal Shakti,Jal Jeevan Mission,JJM,Centrally Sponsored (90:10),Urban Local Body (ULB),791.21,570.71,554.21,97.11,321,304.0,3038,2914.0,Delayed,Work completed as per schedule,Kavita Patel - Assistant Engineer - kavita.patel@nic.in
GFU00366,2021-22,2021-10-12,Karnataka,Belagavi,Ministry of Agriculture & Farmers Welfare,PM Kisan Samman Nidhi,PMKISAN,Central Sector,Gram Panchayat,448.15,334.32,328.45,98.24,106,104.0,2224,2117.0,Completed,Material procurement in progress,Sunita Patel - District Collector Office - sunita.patel@nic.in
GFU00024,2024-25,2024-03-22,Uttar Pradesh,Kanpur,Ministry of Agriculture & Farmers Welfare,PM Kisan Samman Nidhi,PMKISAN,Central Sector,District Panchayat / Zilla Parishad,491.97,332.74,0.0,0.0,442,0.0,2130,0.0,Not Started,  Material procurement in progress  ,Manoj Naik - Scheme Nodal Officer - manoj.naik@nic.in
GFU00346,2022-23,2023-12-14,Maharashtra,Pune,Ministry of Jal Shakti,Swachh Bharat Mission - Gramin,SBM-G,Centrally Sponsored (60:40),Gram Panchayat,592.71,501.02,310.45,61.96,337,210.0,1372,811.0,Ongoing,Utilization certificate submitted and verified,Arvind Das - Scheme Nodal Officer - arvind.das@nic.in
GFU00934,2021-22,2024-12-30,West Bengal,Durgapur,Ministry of Jal Shakti,Swachh Bharat Mission - Gramin,SBM-G,Centrally Sponsored (60:40),Gram Panchayat,218.92,177.01,57.35,32.4,374,192.0,1091,521.0,Delayed,Beneficiary list under revision,Kavita Sharma - Block Development Officer - kavita.sharma@nic.in
GFU00335,2023-24,2024-02-13,Tamil Nadu,tiruchirappalli,Ministry of Health & Family Welfare,Ayushman Bharat - Pradhan Mantri Jan Arogya Yojana,PMJAY,Centrally Sponsored (60:40),Urban Local Body (ULB),296.83,166.07,165.0,99.36,22,22.0,2797,2548.0,Completed,No remarks recorded,Anjali Sharma - District Programme Coordinator - anjali.sharma@nic.in
GFU00311,2024-25,2022-07-05,West Bengal,Siliguri,Ministry of Jal Shakti,Jal Jeevan Mission,JJM,Centrally Sponsored (90:10),NGO / Partner Organisation,557.53,358.76,,,105,24.0,2216,483.0,Ongoing,  Awaiting third-party audit clearance  ,Ramesh Verma - Block Development Officer - ramesh.verma@nic.in
GFU00900,2022-23,2021-10-31,Uttar Pradesh,Lucknow,Ministry of Health & Family Welfare,Ayushman Bharat - Pradhan Mantri Jan Arogya Yojana,PMJAY,Centrally Sponsored (60:40),Urban Local Body (ULB),247.03,124.08,117.08,94.36,165,163.0,2820,2654.0,Completed,No remarks recorded,Meera Nair - Block Development Officer - meera.nair@nic.in
GFU00354,2021-22,2024-08-21,Gujarat,Surat,Ministry of Jal Shakti,Jal Jeevan Mission,JJM,Centrally Sponsored (90:10),District Panchayat / Zilla Parishad,21.72,19.48,19.41,99.64,72,,3724,618.0,Ongoing,Fund utilization certificate pending,Ramesh Chatterjee - Assistant Engineer - ramesh.chatterjee@nic.in
GFU00954,2021-22,2023-08-07,West Bengal,Durgapur,Ministry of Education,PM Poshan (Mid-Day Meal Scheme),PMPOSHAN,Centrally Sponsored (60:40),NGO / Partner Organisation,606.58,462.86,408.36,88.23,168,61.0,336,119.0,Ongoing,Awaiting third-party audit clearance,Arvind Sharma - Scheme Nodal Officer - arvind.sharma@nic.in
GFU00241,2024-25,2023-08-26,Maharashtra,Kolhapur,Ministry of Education,PM Poshan (Mid-Day Meal Scheme),PMPOSHAN,Centrally Sponsored (60:40),Urban Local Body (ULB),409.5,355.71,336.72,94.66,60,0.0,3157,0.0,Delayed,Material procurement in progress,Vinod Das - District Collector Office - vinod.das@nic.in
GFU00319,2021-22,2022-01-26,Karnataka,Belagavi ,Ministry of Rural Development,Mahatma Gandhi National Rural Employment Guarantee Scheme,MGNREGS,Centrally Sponsored (60:40),Urban Local Body (ULB),57.58,50.46,49.53,98.16,175,174.0,2157,2056.0,Completed,,Arvind Reddy - District Collector Office - arvind.reddy@nic.in
GFU00736,2024-25,2023-05-09,Madhya Pradesh,Gwalior,Ministry of Agriculture & Farmers Welfare,Pradhan Mantri Fasal Bima Yojana,PMFBY,Central Sector,District Panchayat / Zilla Parishad,322.54,162.6,146.61,90.17,286,285.0,3610,3598.0,Completed,Awaiting third-party audit clearance,Manoj Sharma - Block Development Officer - manoj.sharma@nic.in
GFU00263,2022-23,2021-04-01,Gujarat,Surat,Ministry of Agriculture & Farmers Welfare,PM Kisan Samman Nidhi,PMKISAN,Central Sector,District Panchayat / Zilla Parishad,671.01,384.8,255.53,66.41,485,467.0,1287,1185.0,Ongoing,No remarks recorded,Sunita Verma - District Collector Office - sunita.verma@nic.in
GFU00099,2024-25,2022-09-12,Gujarat,Surat,Ministry of Jal Shakti,Jal Jeevan Mission,JJM,Centrally Sponsored (90:10),District Panchayat / Zilla Parishad,290.75,235.98,142.02,60.18,356,213.0,169,92.0,Delayed,Work completed as per schedule,Deepa Patel - Assistant Engineer - deepa.patel@nic.in
GFU00741,2021-22,2023-10-01,Bihar,Patna,Ministry of Rural Development,Pradhan Mantri Gram Sadak Yojana,PMGSY,Centrally Sponsored (60:40),Gram Panchayat,256.16,232.48,113.48,48.81,498,378.0,3711,2875.0,Ongoing,Beneficiary list under revision,Vinod Patel - Block Development Officer - vinod.patel@nic.in
GFU00924,2024-25,2024-01-24,Bihar,muzaffarpur,Ministry of Health & Family Welfare,Ayushman Bharat - Pradhan Mantri Jan Arogya Yojana,PMJAY,Centrally Sponsored (60:40),Urban Local Body (ULB),564.12,312.39,182.06,58.28,274,108.0,758,286.0,Delayed,No remarks recorded,Anjali Reddy - District Programme Coordinator - anjali.reddy@nic.in
GFU00866,2021-22,2023-10-07,Maharashtra,Nagpur,Ministry of Jal Shakti,Swachh Bharat Mission - Gramin,SBM-G,Centrally Sponsored (60:40),Gram Panchayat,122.07,101.8,44.15,43.37,394,294.0,4976,3371.0,Delayed,No remarks recorded,Lakshmi Sharma - Scheme Nodal Officer - lakshmi.sharma@nic.in
GFU00090,2023-24,2024-03-17,Uttar Pradesh,Varanasi,Ministry of Health & Family Welfare,Ayushman Bharat - Pradhan Mantri Jan Arogya Yojana,PMJAY,Centrally Sponsored (60:40),District Panchayat / Zilla Parishad,302.71,212.07,0.0,0.0,214,0.0,322,0.0,Not Started,  Beneficiary list under revision  ,Sanjay Nair - Block Development Officer - sanjay.nair@nic.in
GFU00516,2022-23,2021-10-24,Tamil Nadu,tiruchirappalli,Ministry of Health & Family Welfare,Ayushman Bharat - Pradhan Mantri Jan Arogya Yojana,PMJAY,Centrally Sponsored (60:40),Gram Panchayat,649.81,543.69,470.57,86.55,47,31.0,706,428.0,Ongoing,Awaiting third-party audit clearance,Meera Nair - Block Development Officer - meera.nair@nic.in
GFU00332,2022-23,2021-09-15,West Bengal,Siliguri,Ministry of Jal Shakti,Swachh Bharat Mission - Gramin,SBM-G,Centrally Sponsored (60:40),Gram Panchayat,786.25,444.59,407.09,91.57,121,86.0,4110,2690.0,Ongoing,Fund utilization certificate pending,Kavita Rao - District Programme Coordinator - kavita.rao@nic.in
GFU00679,2021-22,2023-08-04,Rajasthan,Jaipur,Ministry of Rural Development,Pradhan Mantri Gram Sadak Yojana,PMGSY,Centrally Sponsored (60:40),Urban Local Body (ULB),721.74,654.85,0.0,0.0,37,0.0,1974,0.0,Not Started,Utilization certificate submitted and verified,Rakesh Chatterjee - Scheme Nodal Officer - rakesh.chatterjee@nic.in
GFU00434,2022-23,2021-04-15,Rajasthan,Kota,Ministry of Health & Family Welfare,Ayushman Bharat - Pradhan Mantri Jan Arogya Yojana,PMJAY,Centrally Sponsored (60:40),District Panchayat / Zilla Parishad,196.28,143.77,80.39,55.92,155,128.0,1611,1337.0,Ongoing,Awaiting third-party audit clearance,Ramesh Rao - District Collector Office - ramesh.rao@nic.in
GFU00914,2022-23,2021-11-12,West Bengal,Siliguri ,Ministry of Rural Development,Mahatma Gandhi National Rural Employment Guarantee Scheme,MGNREGS,Centrally Sponsored (60:40),NGO / Partner Organisation,687.3,661.55,627.67,94.88,348,346.0,1990,1998.0,Completed,Utilization certificate submitted and verified,Sunita Reddy - Assistant Engineer - sunita.reddy@nic.in
GFU00724,2023-24,2024-07-28,Uttar Pradesh,Kanpur,Ministry of Education,Samagra Shiksha Abhiyan,SS,Centrally Sponsored (60:40),District Panchayat / Zilla Parishad,392.1,199.18,162.73,81.7,59,47.0,721,548.0,Delayed,Delay due to - land acquisition dispute,Deepa Patel - District Programme Coordinator - deepa.patel@nic.in
GFU00487,2022-23,2024-10-08,Madhya Pradesh,Ujjain,Ministry of Agriculture & Farmers Welfare,Pradhan Mantri Fasal Bima Yojana,PMFBY,Central Sector,Gram Panchayat,46.45,25.03,9.91,39.59,39,4.0,3992,393.0,Delayed,  Awaiting third-party audit clearance  ,Deepa Yadav - Scheme Nodal Officer - deepa.yadav@nic.in
GFU00637,2022-23,2023-05-28,Madhya Pradesh,Jabalpur,Ministry of Rural Development,Pradhan Mantri Awas Yojana - Gramin,PMAY-G,Centrally Sponsored (60:40),District Panchayat / Zilla Parishad,669.54,507.87,465.23,91.6,494,127.0,3641,963.0,Ongoing,No remarks recorded,Meera Chatterjee - District Programme Coordinator - meera.chatterjee@nic.in
GFU00833,2023-24,2023-12-24,Maharashtra,Aurangabad,Ministry of Health & Family Welfare,National Health Mission,NHM,Centrally Sponsored (60:40),Gram Panchayat,45.01,35.72,31.94,89.42,143,143.0,4250,4144.0,Completed,Awaiting third-party audit clearance,Ramesh Mishra - Block Development Officer - ramesh.mishra@nic.in
GFU00749,2021-22,2021-06-23,Tamil Nadu,Chennai,Ministry of Rural Development,Pradhan Mantri Gram Sadak Yojana,PMGSY,Centrally Sponsored (60:40),Gram Panchayat,78.06,73.96,66.2,89.51,287,287.0,4053,3859.0,Completed,Work completed as per schedule,Manoj Mishra - District Collector Office - manoj.mishra@nic.in
GFU00261,2022-23,2024-06-16,Madhya Pradesh,Jabalpur,Ministry of Health & Family Welfare,National Health Mission,NHM,Centrally Sponsored (60:40),Gram Panchayat,88.9,83.1,49.68,59.78,337,53.0,301,44.0,Ongoing,Delay due to - land acquisition dispute,Ramesh Yadav - Scheme Nodal Officer - ramesh.yadav@nic.in
GFU00306,2022-23,2024-02-06,Karnataka,Mangaluru,Ministry of Rural Development,Pradhan Mantri Awas Yojana - Gramin,PMAY-G,Centrally Sponsored (60:40),District Panchayat / Zilla Parishad,799.87,597.84,490.22,82.0,27,10.0,3004,1078.0,Delayed,Delay due to - heavy monsoon rainfall,Lakshmi Das - Assistant Engineer - lakshmi.das@nic.in
GFU00926,2021-22,2025-02-27,Tamil Nadu, Chennai,Ministry of Rural Development,Pradhan Mantri Awas Yojana - Gramin,PMAY-G,Centrally Sponsored (60:40),Gram Panchayat,636.74,561.87,559.66,99.61,8,7.0,728,626.0,Completed,Delay due to - contractor mobilisation issue,Ganesh Sharma - Block Development Officer - ganesh.sharma@nic.in
GFU00197,2022-23,2023-10-20,Maharashtra,Aurangabad ,Ministry of Education,Samagra Shiksha Abhiyan,SS,Centrally Sponsored (60:40),Gram Panchayat,338.29,314.09,274.39,87.36,49,28.0,257,137.0,Delayed,Fund utilization certificate pending,Arvind Nair - District Programme Coordinator - arvind.nair@nic.in
GFU00141,2023-24,2022-07-29,West Bengal,Kolkata,Ministry of Jal Shakti,Swachh Bharat Mission - Gramin,SBM-G,Centrally Sponsored (60:40),State Nodal Agency,724.43,673.82,,,384,323.0,3984,3295.0,Ongoing,Delay due to - land acquisition dispute,Vinod Naik - District Collector Office - vinod.naik@nic.in
GFU00595,2024-25,2022-04-26,Tamil Nadu,Chennai,Ministry of Jal Shakti,Jal Jeevan Mission,JJM,Centrally Sponsored (90:10),Gram Panchayat,286.16,175.79,0.0,0.0,115,0.0,2248,0.0,Not Started,Delay due to - land acquisition dispute,Anjali Kumar - Block Development Officer - anjali.kumar@nic.in
GFU00123,2024-25,2024-10-26,Uttar Pradesh,agra,Ministry of Agriculture & Farmers Welfare,PM Kisan Samman Nidhi,PMKISAN,Central Sector,Gram Panchayat,109.11,59.0,58.35,98.9,442,440.0,3551,3500.0,Completed,Utilization certificate submitted and verified,Ramesh Kumar - Block Development Officer - ramesh.kumar@nic.in
GFU00495,2021-22,2024-01-10,Gujarat,Surat,Ministry of Health & Family Welfare,National Health Mission,NHM,Centrally Sponsored (60:40),District Panchayat / Zilla Parishad,710.1,470.89,152.32,32.35,117,100.0,582,453.0,Delayed,Beneficiary list under revision,Sunita Naik - Scheme Nodal Officer - sunita.naik@nic.in
GFU00111,2023-24,2025-03-21,Tamil Nadu,Madurai,Ministry of Education,PM Poshan (Mid-Day Meal Scheme),PMPOSHAN,Centrally Sponsored (60:40),District Panchayat / Zilla Parishad,348.05,227.45,158.03,69.48,148,23.0,486,77.0,Ongoing,,Kavita Chatterjee - District Collector Office - kavita.chatterjee@nic.in
GFU00085,2023-24,2021-06-01,Tamil Nadu,Coimbatore,Ministry of Agriculture & Farmers Welfare,Pradhan Mantri Fasal Bima Yojana,PMFBY,Central Sector,Gram Panchayat,399.67,219.98,210.49,95.69,412,41.0,2146,224.0,Delayed,,Manoj Sharma - District Collector Office - manoj.sharma@nic.in
GFU00718,2024-25,2022-10-16,Rajasthan,Jodhpur ,Ministry of Education,Samagra Shiksha Abhiyan,SS,Centrally Sponsored (60:40),Gram Panchayat,104.29,74.9,45.84,61.2,45,4.0,571,49.0,Delayed,Utilization certificate submitted and verified,Arvind Kumar - Block Development Officer - arvind.kumar@nic.in
GFU00514,2023-24,2022-05-04,Maharashtra,Nagpur,Ministry of Jal Shakti,Swachh Bharat Mission - Gramin,SBM-G,Centrally Sponsored (60:40),State Nodal Agency,392.35,334.69,231.34,69.12,260,226.0,698,619.0,Delayed,Utilization certificate submitted and verified,Lakshmi Chatterjee - Scheme Nodal Officer - lakshmi.chatterjee@nic.in
GFU00483,2023-24,2022-03-17,Karnataka,Mysuru,Ministry of Education,Samagra Shiksha Abhiyan,SS,Centrally Sponsored (60:40),Gram Panchayat,734.02,474.26,288.4,60.81,172,1.0,568,3.0,Ongoing,Beneficiary list under revision,Sunita Reddy - Scheme Nodal Officer - sunita.reddy@nic.in
GFU00681,2024-25,2022-08-24,Kerala,Thiruvananthapuram,Ministry of Rural Development,Mahatma Gandhi National Rural Employment Guarantee Scheme,MGNREGS,Centrally Sponsored (60:40),State Nodal Agency,578.51,432.1,,,93,92.0,4270,3893.0,Completed,No remarks recorded,Pooja Patel - Scheme Nodal Officer - pooja.patel@nic.in
GFU00923,2024-25,2024-09-20,Rajasthan,Udaipur,Ministry of Rural Development,Pradhan Mantri Awas Yojana - Gramin,PMAY-G,Centrally Sponsored (60:40),District Panchayat / Zilla Parishad,648.59,511.48,198.86,38.88,77,36.0,3799,1769.0,Ongoing,Awaiting third-party audit clearance,Anjali Singh - District Collector Office - anjali.singh@nic.in
GFU00075,2023-24,2021-08-06,Maharashtra,Nagpur,Ministry of Health & Family Welfare,National Health Mission,NHM,Centrally Sponsored (60:40),District Panchayat / Zilla Parishad,434.27,302.42,96.15,31.79,270,70.0,1255,310.0,Delayed,,Ramesh Mishra - Scheme Nodal Officer - ramesh.mishra@nic.in
GFU00957,2024-25,2023-01-03,West Bengal,Durgapur,Ministry of Health & Family Welfare,National Health Mission,NHM,Centrally Sponsored (60:40),NGO / Partner Organisation,459.33,412.9,367.73,89.06,224,152.0,932,571.0,Ongoing,  Material procurement in progress  ,Ganesh Naik - District Collector Office - ganesh.naik@nic.in
GFU00779,2023-24,2022-07-24,Karnataka,Mangaluru ,Ministry of Health & Family Welfare,Ayushman Bharat - Pradhan Mantri Jan Arogya Yojana,PMJAY,Centrally Sponsored (60:40),State Nodal Agency,649.36,414.58,0.0,0.0,176,0.0,1655,0.0,Not Started,Awaiting third-party audit clearance,Anjali Iyer - Scheme Nodal Officer - anjali.iyer@nic.in
GFU00274,2021-22,2022-06-16,Uttar Pradesh,Meerut,Ministry of Agriculture & Farmers Welfare,PM Kisan Samman Nidhi,PMKISAN,Central Sector,Gram Panchayat,599.65,342.24,310.74,90.8,7,5.0,1094,748.0,Completed,Utilization certificate submitted and verified,Vinod Nair - District Collector Office - vinod.nair@nic.in
GFU00397,2022-23,2023-10-19,Madhya Pradesh,ujjain,Ministry of Rural Development,Mahatma Gandhi National Rural Employment Guarantee Scheme,MGNREGS,Centrally Sponsored (60:40),State Nodal Agency,120.95,117.15,111.66,95.31,384,382.0,3813,3816.0,Completed,Fund utilization certificate pending,Manoj Kumar - District Programme Coordinator - manoj.kumar@nic.in
GFU00155,2022-23,2023-07-01,Rajasthan,Jaipur,Ministry of Agriculture & Farmers Welfare,PM Kisan Samman Nidhi,PMKISAN,Central Sector,State Nodal Agency,557.64,525.34,413.81,78.77,245,24.0,3598,341.0,Ongoing,Delay due to - contractor mobilisation issue,Ramesh Naik - District Programme Coordinator - ramesh.naik@nic.in
GFU00192,2023-24,2022-07-17,Maharashtra,Nagpur,Ministry of Jal Shakti,Swachh Bharat Mission - Gramin,SBM-G,Centrally Sponsored (60:40),District Panchayat / Zilla Parishad,218.11,143.98,130.21,90.44,495,384.0,3037,2373.0,Ongoing,Utilization certificate submitted and verified,Sunita Chatterjee - Scheme Nodal Officer - sunita.chatterjee@nic.in
GFU00916,2022-23,2023-12-02,Rajasthan,Udaipur,Ministry of Rural Development,Pradhan Mantri Gram Sadak Yojana,PMGSY,Centrally Sponsored (60:40),District Panchayat / Zilla Parishad,601.05,437.38,227.58,52.03,352,44.0,4712,593.0,Delayed,No remarks recorded,Kavita Reddy - District Programme Coordinator - kavita.reddy@nic.in
GFU00188,2024-25,2021-05-02,Karnataka,Belagavi,Ministry of Health & Family Welfare,National Health Mission,NHM,Centrally Sponsored (60:40),Gram Panchayat,648.98,457.38,412.37,90.16,481,479.0,4004,3604.0,Completed,Delay due to - land acquisition dispute,Ashok Sharma - Scheme Nodal Officer - ashok.sharma@nic.in
GFU00051,2023-24,2025-02-10,Madhya Pradesh,Indore,Ministry of Health & Family Welfare,Ayushman Bharat - Pradhan Mantri Jan Arogya Yojana,PMJAY,Centrally Sponsored (60:40),NGO / Partner Organisation,250.95,205.81,185.89,90.32,218,,4745,4633.0,Completed,Beneficiary list under revision,Arvind Chatterjee - District Collector Office - arvind.chatterjee@nic.in
GFU00039,2021-22,2022-09-16,Karnataka,Mangaluru,Ministry of Rural Development,Pradhan Mantri Gram Sadak Yojana,PMGSY,Centrally Sponsored (60:40),District Panchayat / Zilla Parishad,318.8,167.06,149.56,89.52,409,409.0,3846,3848.0,Completed,Work completed as per schedule,Rakesh Nair - Block Development Officer - rakesh.nair@nic.in
GFU00419,2021-22,2025-01-01,Bihar,Darbhanga ,Ministry of Health & Family Welfare,Ayushman Bharat - Pradhan Mantri Jan Arogya Yojana,PMJAY,Centrally Sponsored (60:40),NGO / Partner Organisation,451.53,350.25,310.49,88.65,447,287.0,2581,1677.0,Delayed,Delay due to - land acquisition dispute,Meera Nair - Assistant Engineer - meera.nair@nic.in
GFU00877,2023-24,2023-04-06,Tamil Nadu,Coimbatore ,Ministry of Rural Development,Mahatma Gandhi National Rural Employment Guarantee Scheme,MGNREGS,Centrally Sponsored (60:40),State Nodal Agency,469.26,429.31,181.83,42.35,163,118.0,949,692.0,Delayed,  Delay due to - contractor mobilisation issue  ,Manoj Yadav - District Collector Office - manoj.yadav@nic.in
GFU00209,2023-24,2025-02-03,Kerala,kozhikode,Ministry of Jal Shakti,Swachh Bharat Mission - Gramin,SBM-G,Centrally Sponsored (60:40),Urban Local Body (ULB),595.33,492.16,431.74,87.72,354,353.0,2003,2005.0,Completed,Delay due to - contractor mobilisation issue,Sanjay Chatterjee - Scheme Nodal Officer - sanjay.chatterjee@nic.in
GFU00376,2023-24,2022-06-20,Gujarat, Bhavnagar,Ministry of Agriculture & Farmers Welfare,PM Kisan Samman Nidhi,PMKISAN,Central Sector,Gram Panchayat,463.03,451.68,403.45,89.32,323,310.0,538,526.0,Ongoing,Delay due to - heavy monsoon rainfall,Kavita Iyer - Assistant Engineer - kavita.iyer@nic.in
GFU00464,2024-25,2024-10-29,West Bengal,Kolkata,Ministry of Health & Family Welfare,Ayushman Bharat - Pradhan Mantri Jan Arogya Yojana,PMJAY,Centrally Sponsored (60:40),District Panchayat / Zilla Parishad,676.72,570.45,349.94,61.34,342,86.0,4747,1111.0,Ongoing,Awaiting third-party audit clearance,Sanjay Nair - Block Development Officer - sanjay.nair@nic.in
GFU00471,2022-23,2022-06-08,Uttar Pradesh, Kanpur,Ministry of Jal Shakti,Swachh Bharat Mission - Gramin,SBM-G,Centrally Sponsored (60:40),Urban Local Body (ULB),270.71,252.95,243.42,96.23,395,393.0,1507,1452.0,Completed,Beneficiary list under revision,Meera Mishra - District Programme Coordinator - meera.mishra@nic.in
GFU00518,2023-24,2021-09-16,Gujarat,Ahmedabad,Ministry of Rural Development,Pradhan Mantri Gram Sadak Yojana,PMGSY,Centrally Sponsored (60:40),State Nodal Agency,655.54,378.38,248.34,65.63,482,118.0,4849,1144.0,Delayed,Work completed as per schedule,Anjali Das - Assistant Engineer - anjali.das@nic.in
GFU00076,2024-25,2022-01-20,Uttar Pradesh,Varanasi,Ministry of Education,PM Poshan (Mid-Day Meal Scheme),PMPOSHAN,Centrally Sponsored (60:40),State Nodal Agency,503.18,401.51,174.0,43.34,13,8.0,2453,1415.0,Delayed,Material procurement in progress,Sunita Mishra - Assistant Engineer - sunita.mishra@nic.in
GFU00249,2021-22,2025-03-04,Gujarat, Rajkot,Ministry of Jal Shakti,Jal Jeevan Mission,JJM,Centrally Sponsored (90:10),State Nodal Agency,631.35,576.26,,,423,421.0,1499,1362.0,Ongoing,Utilization certificate submitted and verified,Deepa Yadav - Block Development Officer - deepa.yadav@nic.in
GFU00560,2023-24,2021-09-23,Karnataka,Hubballi,Ministry of Rural Development,Mahatma Gandhi National Rural Employment Guarantee Scheme,MGNREGS,Centrally Sponsored (60:40),Gram Panchayat,632.63,480.39,0.0,0.0,442,0.0,850,0.0,Not Started,  No remarks recorded  ,Ramesh Singh - Block Development Officer - ramesh.singh@nic.in
GFU00303,2021-22,2024-07-02,Karnataka,belagavi,Ministry of Jal Shakti,Swachh Bharat Mission - Gramin,SBM-G,Centrally Sponsored (60:40),District Panchayat / Zilla Parishad,665.11,547.0,195.32,35.71,437,302.0,3273,2176.0,Delayed,  Delay due to - land acquisition dispute  ,Anjali Patel - District Collector Office - anjali.patel@nic.in
GFU00583,2021-22,2025-03-07,Kerala,Thiruvananthapuram,Ministry of Education,Samagra Shiksha Abhiyan,SS,Centrally Sponsored (60:40),State Nodal Agency,160.94,124.12,0.0,0.0,37,0.0,517,0.0,Not Started,  Delay due to - land acquisition dispute  ,Kavita Verma - Scheme Nodal Officer - kavita.verma@nic.in
GFU00740,2021-22,2022-11-04,Uttar Pradesh,Varanasi,Ministry of Health & Family Welfare,Ayushman Bharat - Pradhan Mantri Jan Arogya Yojana,PMJAY,Centrally Sponsored (60:40),State Nodal Agency,175.73,130.95,117.51,89.74,133,131.0,3288,2953.0,Completed,No remarks recorded,Meera Sharma - District Programme Coordinator - meera.sharma@nic.in
GFU00996,2022-23,2022-01-05,Karnataka,Belagavi,Ministry of Jal Shakti,Swachh Bharat Mission - Gramin,SBM-G,Centrally Sponsored (60:40),State Nodal Agency,253.73,143.95,143.04,99.37,470,468.0,879,862.0,Completed,No remarks recorded,Manoj Singh - Assistant Engineer - manoj.singh@nic.in
GFU00012,2022-23,2024-01-15,Bihar,Darbhanga,Ministry of Education,PM Poshan (Mid-Day Meal Scheme),PMPOSHAN,Centrally Sponsored (60:40),Gram Panchayat,765.2,545.06,0.0,0.0,433,0.0,4841,0.0,Not Started,,Ganesh Yadav - District Programme Coordinator - ganesh.yadav@nic.in
GFU00974,2024-25,2023-04-05,Kerala,Thrissur,Ministry of Health & Family Welfare,Ayushman Bharat - Pradhan Mantri Jan Arogya Yojana,PMJAY,Centrally Sponsored (60:40),District Panchayat / Zilla Parishad,93.77,59.51,50.76,85.3,482,481.0,890,849.0,Completed,Beneficiary list under revision,Deepa Sharma - Assistant Engineer - deepa.sharma@nic.in
GFU00486,2022-23,2024-12-14,West Bengal,asansol,Ministry of Rural Development,Mahatma Gandhi National Rural Employment Guarantee Scheme,MGNREGS,Centrally Sponsored (60:40),NGO / Partner Organisation,451.73,309.0,173.03,56.0,267,57.0,102,,Delayed,  Beneficiary list under revision  ,Ramesh Nair - District Collector Office - ramesh.nair@nic.in
GFU00463,2022-23,2024-02-19,Karnataka,Hubballi,Ministry of Rural Development,Pradhan Mantri Gram Sadak Yojana,PMGSY,Centrally Sponsored (60:40),Urban Local Body (ULB),603.97,563.63,231.61,41.09,456,185.0,4657,1803.0,Ongoing,No remarks recorded,Ramesh Yadav - Scheme Nodal Officer - ramesh.yadav@nic.in
GFU00977,2021-22,2024-01-20,West Bengal,Durgapur,Ministry of Jal Shakti,Jal Jeevan Mission,JJM,Centrally Sponsored (90:10),State Nodal Agency,22.29,19.39,13.91,71.74,495,224.0,2057,892.0,Ongoing,Awaiting third-party audit clearance,Kavita Iyer - Scheme Nodal Officer - kavita.iyer@nic.in
GFU00628,2023-24,2022-10-01,Gujarat,Bhavnagar,Ministry of Health & Family Welfare,National Health Mission,NHM,Centrally Sponsored (60:40),Gram Panchayat,557.0,392.95,342.08,87.05,78,76.0,1768,1595.0,Completed,Fund utilization certificate pending,Sanjay Yadav - District Collector Office - sanjay.yadav@nic.in
GFU00282,2023-24,2023-03-06,Bihar,Patna,Ministry of Agriculture & Farmers Welfare,Pradhan Mantri Fasal Bima Yojana,PMFBY,Central Sector,Gram Panchayat,205.42,186.0,168.73,90.72,330,138.0,2127,812.0,Ongoing,  Material procurement in progress  ,Sunita Rao - District Programme Coordinator - sunita.rao@nic.in
GFU00254,2022-23,2024-10-04,Gujarat,Ahmedabad,Ministry of Agriculture & Farmers Welfare,PM Kisan Samman Nidhi,PMKISAN,Central Sector,State Nodal Agency,322.79,294.07,107.74,36.64,333,331.0,3207,3184.0,Delayed,Delay due to - heavy monsoon rainfall,Vinod Verma - District Collector Office - vinod.verma@nic.in
GFU00984,2024-25,2023-06-07,Rajasthan,Jodhpur,Ministry of Education,PM Poshan (Mid-Day Meal Scheme),PMPOSHAN,Centrally Sponsored (60:40),Gram Panchayat,498.61,260.55,219.92,84.41,465,356.0,4626,3624.0,Delayed,Delay due to - contractor mobilisation issue,Rakesh Chatterjee - Block Development Officer - rakesh.chatterjee@nic.in
GFU00991,2024-25,2024-06-29,Karnataka,Mangaluru,Ministry of Rural Development,Pradhan Mantri Gram Sadak Yojana,PMGSY,Centrally Sponsored (60:40),Gram Panchayat,199.49,152.07,117.99,77.59,15,4.0,528,138.0,Ongoing,Material procurement in progress,Lakshmi Verma - Scheme Nodal Officer - lakshmi.verma@nic.in
GFU00912,2023-24,2024-11-21,West Bengal,Durgapur,Ministry of Health & Family Welfare,Ayushman Bharat - Pradhan Mantri Jan Arogya Yojana,PMJAY,Centrally Sponsored (60:40),Gram Panchayat,121.29,78.12,67.76,86.74,430,185.0,3696,1556.0,Ongoing,  Beneficiary list under revision  ,Ramesh Nair - Scheme Nodal Officer - ramesh.nair@nic.in
GFU00578,2021-22,2023-09-17,Karnataka,Hubballi ,Ministry of Education,PM Poshan (Mid-Day Meal Scheme),PMPOSHAN,Centrally Sponsored (60:40),Urban Local Body (ULB),635.66,565.34,558.05,98.71,475,475.0,3917,3691.0,Completed,Utilization certificate submitted and verified,Sanjay Iyer - Assistant Engineer - sanjay.iyer@nic.in
GFU00987,2022-23,2024-02-14,Maharashtra,Pune,Ministry of Rural Development,Pradhan Mantri Gram Sadak Yojana,PMGSY,Centrally Sponsored (60:40),NGO / Partner Organisation,261.97,179.77,177.42,98.69,93,93.0,2399,2363.0,Completed,Work completed as per schedule,Ganesh Iyer - Scheme Nodal Officer - ganesh.iyer@nic.in
GFU00220,2022-23,2022-04-10,Gujarat, Bhavnagar,Ministry of Health & Family Welfare,Ayushman Bharat - Pradhan Mantri Jan Arogya Yojana,PMJAY,Centrally Sponsored (60:40),State Nodal Agency,144.08,95.9,56.55,58.97,203,86.0,1142,457.0,Ongoing,  Work completed as per schedule  ,Lakshmi Mishra - Scheme Nodal Officer - lakshmi.mishra@nic.in
GFU00426,2023-24,2023-08-17,Maharashtra,Kolhapur,Ministry of Health & Family Welfare,Ayushman Bharat - Pradhan Mantri Jan Arogya Yojana,PMJAY,Centrally Sponsored (60:40),District Panchayat / Zilla Parishad,189.96,175.8,98.02,55.76,170,74.0,4064,1788.0,Delayed,Delay due to - contractor mobilisation issue,Deepa Verma - District Collector Office - deepa.verma@nic.in
GFU00370,2024-25,2021-12-30,Gujarat,Surat,Ministry of Rural Development,Mahatma Gandhi National Rural Employment Guarantee Scheme,MGNREGS,Centrally Sponsored (60:40),State Nodal Agency,188.77,156.08,137.3,87.97,95,38.0,2548,959.0,Ongoing,Beneficiary list under revision,Rakesh Nair - District Programme Coordinator - rakesh.nair@nic.in
GFU00830,2022-23,2022-06-29,Kerala,Kollam,Ministry of Education,Samagra Shiksha Abhiyan,SS,Centrally Sponsored (60:40),District Panchayat / Zilla Parishad,625.06,425.45,218.62,51.39,448,260.0,2452,1425.0,Delayed,Delay due to - contractor mobilisation issue,Anjali Naik - Assistant Engineer - anjali.naik@nic.in
GFU00070,2024-25,2025-03-25,Maharashtra,Nagpur ,Ministry of Jal Shakti,Jal Jeevan Mission,JJM,Centrally Sponsored (90:10),Gram Panchayat,519.16,289.27,289.17,99.97,314,313.0,2305,2124.0,Completed,Beneficiary list under revision,Sunita Nair - Scheme Nodal Officer - sunita.nair@nic.in
GFU00981,2021-22,2022-03-04,Bihar,Muzaffarpur,Ministry of Rural Development,Pradhan Mantri Awas Yojana - Gramin,PMAY-G,Centrally Sponsored (60:40),District Panchayat / Zilla Parishad,231.99,169.84,91.49,53.87,328,241.0,954,634.0,Delayed,Delay due to - contractor mobilisation issue,Vinod Sharma - District Programme Coordinator - vinod.sharma@nic.in
GFU00581,2021-22,2022-04-28,Kerala,Kollam,Ministry of Jal Shakti,Swachh Bharat Mission - Gramin,SBM-G,Centrally Sponsored (60:40),Gram Panchayat,759.18,541.74,338.29,62.45,96,61.0,1150,763.0,Ongoing,  Delay due to - heavy monsoon rainfall  ,Anjali Mishra - Block Development Officer - anjali.mishra@nic.in
GFU00022,2024-25,2024-08-28,West Bengal,Howrah,Ministry of Agriculture & Farmers Welfare,PM Kisan Samman Nidhi,PMKISAN,Central Sector,State Nodal Agency,743.22,573.01,,,236,234.0,3122,2796.0,Completed,Work completed as per schedule,Ashok Singh - Scheme Nodal Officer - ashok.singh@nic.in
GFU00078,2024-25,2024-02-12,Rajasthan,Ajmer,Ministry of Rural Development,Mahatma Gandhi National Rural Employment Guarantee Scheme,MGNREGS,Centrally Sponsored (60:40),Gram Panchayat,686.33,513.91,468.22,91.11,471,471.0,2143,2091.0,Completed,Delay due to - heavy monsoon rainfall,Kavita Reddy - Scheme Nodal Officer - kavita.reddy@nic.in
GFU00548,2021-22,2024-10-04,Tamil Nadu,Coimbatore,Ministry of Rural Development,Pradhan Mantri Awas Yojana - Gramin,PMAY-G,Centrally Sponsored (60:40),Urban Local Body (ULB),213.36,154.35,92.9,60.19,154,129.0,3326,2558.0,Ongoing,Beneficiary list under revision,Kavita Naik - Block Development Officer - kavita.naik@nic.in
GFU00994,2022-23,2022-09-17,Uttar Pradesh,Varanasi,Ministry of Rural Development,Mahatma Gandhi National Rural Employment Guarantee Scheme,MGNREGS,Centrally Sponsored (60:40),District Panchayat / Zilla Parishad,528.13,375.26,0.0,0.0,86,0.0,423,0.0,Not Started,  Delay due to - land acquisition dispute  ,Lakshmi Singh - District Programme Coordinator - lakshmi.singh@nic.in
GFU00947,2023-24,2024-08-17,Uttar Pradesh,Kanpur,Ministry of Health & Family Welfare,Ayushman Bharat - Pradhan Mantri Jan Arogya Yojana,PMJAY,Centrally Sponsored (60:40),Urban Local Body (ULB),523.37,449.88,174.95,38.89,60,1.0,2619,44.0,Delayed,  Utilization certificate submitted and verified  ,Deepa Mishra - Assistant Engineer - deepa.mishra@nic.in
GFU00126,2024-25,2024-07-16,Maharashtra,Nashik,Ministry of Education,PM Poshan (Mid-Day Meal Scheme),PMPOSHAN,Centrally Sponsored (60:40),District Panchayat / Zilla Parishad,332.63,192.35,189.62,98.58,232,124.0,4924,2430.0,Delayed,Delay due to - contractor mobilisation issue,Sanjay Iyer - Scheme Nodal Officer - sanjay.iyer@nic.in
GFU00229,2023-24,2023-02-28,Maharashtra,Kolhapur,Ministry of Jal Shakti,Jal Jeevan Mission,JJM,Centrally Sponsored (90:10),District Panchayat / Zilla Parishad,402.66,368.7,120.46,32.67,290,68.0,461,111.0,Delayed,Beneficiary list under revision,Meera Kumar - District Collector Office - meera.kumar@nic.in
GFU00043,2024-25,2022-01-02,Kerala,Thiruvananthapuram,Ministry of Health & Family Welfare,Ayushman Bharat - Pradhan Mantri Jan Arogya Yojana,PMJAY,Centrally Sponsored (60:40),State Nodal Agency,566.11,338.76,121.33,35.82,226,13.0,1568,83.0,Ongoing,Utilization certificate submitted and verified,Ramesh Das - District Programme Coordinator - ramesh.das@nic.in
GFU00517,2022-23,2021-11-03,Karnataka,Mangaluru,Ministry of Education,PM Poshan (Mid-Day Meal Scheme),PMPOSHAN,Centrally Sponsored (60:40),State Nodal Agency,653.75,565.62,517.63,91.52,333,332.0,3496,3500.0,Completed,Material procurement in progress,Ramesh Patel - Assistant Engineer - ramesh.patel@nic.in
GFU00573,2024-25,2021-08-27,Rajasthan,Jodhpur ,Ministry of Rural Development,Pradhan Mantri Gram Sadak Yojana,PMGSY,Centrally Sponsored (60:40),NGO / Partner Organisation,661.61,609.72,522.88,85.76,256,,1067,159.0,Ongoing,Fund utilization certificate pending,Sunita Iyer - Assistant Engineer - sunita.iyer@nic.in
GFU00577,2023-24,2024-09-07,Tamil Nadu,salem,Ministry of Jal Shakti,Swachh Bharat Mission - Gramin,SBM-G,Centrally Sponsored (60:40),NGO / Partner Organisation,620.35,424.89,0.0,0.0,179,0.0,1801,0.0,Not Started,  Material procurement in progress  ,Meera Chatterjee - District Collector Office - meera.chatterjee@nic.in
GFU00802,2023-24,2023-03-16,Rajasthan,udaipur,Ministry of Education,Samagra Shiksha Abhiyan,SS,Centrally Sponsored (60:40),Gram Panchayat,573.43,418.41,202.9,48.49,250,227.0,3210,2946.0,Delayed,Beneficiary list under revision,Meera Chatterjee - Assistant Engineer - meera.chatterjee@nic.in
GFU00622,2022-23,2023-05-05,Uttar Pradesh,Varanasi,Ministry of Jal Shakti,Jal Jeevan Mission,JJM,Centrally Sponsored (90:10),State Nodal Agency,575.92,433.76,431.5,99.48,165,165.0,4560,4320.0,Completed,Material procurement in progress,Rakesh Nair - District Programme Coordinator - rakesh.nair@nic.in
GFU00375,2024-25,2022-11-12,Kerala,Thrissur,Ministry of Education,PM Poshan (Mid-Day Meal Scheme),PMPOSHAN,Centrally Sponsored (60:40),Gram Panchayat,729.77,417.62,363.6,87.06,154,143.0,3909,3311.0,Delayed,Work completed as per schedule,Pooja Chatterjee - Block Development Officer - pooja.chatterjee@nic.in
GFU00206,2024-25,2021-10-13,Madhya Pradesh,Bhopal,Ministry of Jal Shakti,Swachh Bharat Mission - Gramin,SBM-G,Centrally Sponsored (60:40),Gram Panchayat,277.66,196.29,174.66,88.98,84,83.0,3020,2822.0,Completed,Beneficiary list under revision,Manoj Iyer - District Programme Coordinator - manoj.iyer@nic.in
GFU00970,2022-23,2023-12-04,Rajasthan,Jaipur,Ministry of Health & Family Welfare,Ayushman Bharat - Pradhan Mantri Jan Arogya Yojana,PMJAY,Centrally Sponsored (60:40),State Nodal Agency,788.46,766.71,555.03,72.39,412,228.0,2496,1420.0,Ongoing,Delay due to - heavy monsoon rainfall,Ramesh Iyer - Scheme Nodal Officer - ramesh.iyer@nic.in
GFU00992,2024-25,2022-03-27,Rajasthan,Jodhpur,Ministry of Rural Development,Pradhan Mantri Awas Yojana - Gramin,PMAY-G,Centrally Sponsored (60:40),State Nodal Agency,135.25,133.36,109.61,82.19,210,6.0,3763,102.0,Ongoing,  Awaiting third-party audit clearance  ,Meera Rao - District Collector Office - meera.rao@nic.in
GFU00007,2021-22,2022-01-14,Bihar,Darbhanga,Ministry of Agriculture & Farmers Welfare,PM Kisan Samman Nidhi,PMKISAN,Central Sector,Urban Local Body (ULB),642.5,496.1,294.13,59.29,366,42.0,2962,349.0,Ongoing,Utilization certificate submitted and verified,Pooja Das - Assistant Engineer - pooja.das@nic.in
GFU00494,2023-24,2022-01-22,Maharashtra,Aurangabad,Ministry of Jal Shakti,Jal Jeevan Mission,JJM,Centrally Sponsored (90:10),NGO / Partner Organisation,555.76,486.45,464.21,95.43,104,104.0,1118,1122.0,Completed,Awaiting third-party audit clearance,Meera Sharma - Block Development Officer - meera.sharma@nic.in
GFU00711,2022-23,2021-08-17,Gujarat,Rajkot,Ministry of Education,Samagra Shiksha Abhiyan,SS,Centrally Sponsored (60:40),NGO / Partner Organisation,704.17,574.43,0.0,0.0,474,0.0,4120,0.0,Not Started,Awaiting third-party audit clearance,Anjali Reddy - Block Development Officer - anjali.reddy@nic.in
GFU00944,2021-22,2022-10-19,Bihar,Muzaffarpur,Ministry of Rural Development,Mahatma Gandhi National Rural Employment Guarantee Scheme,MGNREGS,Centrally Sponsored (60:40),Gram Panchayat,53.01,47.98,44.23,92.18,49,48.0,3684,3557.0,Completed,Material procurement in progress,Arvind Mishra - District Collector Office - arvind.mishra@nic.in
GFU00767,2022-23,2023-12-10,West Bengal, Howrah,Ministry of Education,PM Poshan (Mid-Day Meal Scheme),PMPOSHAN,Centrally Sponsored (60:40),Gram Panchayat,153.5,114.92,92.16,80.19,268,116.0,4997,,Delayed,No remarks recorded,Manoj Rao - Scheme Nodal Officer - manoj.rao@nic.in
GFU00737,2024-25,2022-03-23,Madhya Pradesh,Indore,Ministry of Jal Shakti,Jal Jeevan Mission,JJM,Centrally Sponsored (90:10),Gram Panchayat,202.55,179.25,136.29,76.03,251,116.0,3794,1709.0,Ongoing,Work completed as per schedule,Ramesh Singh - Block Development Officer - ramesh.singh@nic.in
GFU00260,2021-22,2022-02-05,Maharashtra,pune,Ministry of Jal Shakti,Jal Jeevan Mission,JJM,Centrally Sponsored (90:10),District Panchayat / Zilla Parishad,445.55,325.56,292.57,89.87,25,13.0,2874,1373.0,Ongoing,  Utilization certificate submitted and verified  ,Ramesh Naik - Assistant Engineer - ramesh.naik@nic.in
GFU00283,2021-22,2023-12-16,Rajasthan,Jaipur,Ministry of Jal Shakti,Swachh Bharat Mission - Gramin,SBM-G,Centrally Sponsored (60:40),Urban Local Body (ULB),87.56,52.76,0.0,0.0,184,0.0,3613,0.0,Not Started,  Work completed as per schedule  ,Kavita Iyer - District Programme Coordinator - kavita.iyer@nic.in
GFU00635,2021-22,2024-06-10,Madhya Pradesh,Jabalpur,Ministry of Agriculture & Farmers Welfare,Pradhan Mantri Fasal Bima Yojana,PMFBY,Central Sector,Gram Panchayat,370.23,327.58,257.99,78.76,307,67.0,3775,792.0,Ongoing,Delay due to - contractor mobilisation issue,Kavita Patel - Scheme Nodal Officer - kavita.patel@nic.in
GFU00591,2023-24,2023-03-31,Madhya Pradesh, Bhopal,Ministry of Education,Samagra Shiksha Abhiyan,SS,Centrally Sponsored (60:40),Gram Panchayat,448.94,345.06,295.46,85.63,437,435.0,2008,2020.0,Completed,  Work completed as per schedule  ,Ramesh Iyer - Block Development Officer - ramesh.iyer@nic.in
GFU00883,2022-23,2022-11-16,Bihar,Darbhanga,Ministry of Health & Family Welfare,Ayushman Bharat - Pradhan Mantri Jan Arogya Yojana,PMJAY,Centrally Sponsored (60:40),Urban Local Body (ULB),795.72,519.65,363.0,69.85,6,3.0,4918,2303.0,Ongoing,No remarks recorded,Rakesh Yadav - District Programme Coordinator - rakesh.yadav@nic.in
GFU00975,2023-24,2022-12-14,Uttar Pradesh,Agra,Ministry of Rural Development,Pradhan Mantri Gram Sadak Yojana,PMGSY,Centrally Sponsored (60:40),State Nodal Agency,322.24,225.07,208.38,92.58,140,77.0,2046,1015.0,Ongoing,Delay due to - land acquisition dispute,Manoj Patel - Scheme Nodal Officer - manoj.patel@nic.in
GFU00456,2021-22,2021-11-18,Madhya Pradesh,Indore,Ministry of Health & Family Welfare,Ayushman Bharat - Pradhan Mantri Jan Arogya Yojana,PMJAY,Centrally Sponsored (60:40),Gram Panchayat,771.05,490.93,418.69,85.29,109,107.0,1575,1496.0,Completed,Delay due to - contractor mobilisation issue,Rakesh Yadav - District Programme Coordinator - rakesh.yadav@nic.in
GFU00321,2021-22,2025-03-25,Maharashtra,nagpur,Ministry of Education,PM Poshan (Mid-Day Meal Scheme),PMPOSHAN,Centrally Sponsored (60:40),District Panchayat / Zilla Parishad,503.88,467.57,429.45,91.85,396,394.0,1218,1226.0,Completed,Utilization certificate submitted and verified,Vinod Singh - Scheme Nodal Officer - vinod.singh@nic.in
GFU00435,2022-23,2024-09-01,West Bengal,Siliguri,Ministry of Health & Family Welfare,Ayushman Bharat - Pradhan Mantri Jan Arogya Yojana,PMJAY,Centrally Sponsored (60:40),Gram Panchayat,680.21,470.5,317.8,67.55,172,69.0,4944,2032.0,Ongoing,Delay due to - land acquisition dispute,Ashok Mishra - Scheme Nodal Officer - ashok.mishra@nic.in
GFU00664,2023-24,2025-03-17,Uttar Pradesh, Lucknow,Ministry of Agriculture & Farmers Welfare,PM Kisan Samman Nidhi,PMKISAN,Central Sector,Gram Panchayat,283.21,201.38,0.0,0.0,160,0.0,3948,,Not Started,Material procurement in progress,Ashok Yadav - Assistant Engineer - ashok.yadav@nic.in
GFU00300,2024-25,2024-12-01,Maharashtra,Nagpur,Ministry of Rural Development,Mahatma Gandhi National Rural Employment Guarantee Scheme,MGNREGS,Centrally Sponsored (60:40),Gram Panchayat,76.93,45.96,40.25,87.58,410,408.0,1327,1201.0,Completed,Delay due to - land acquisition dispute,Sunita Iyer - District Collector Office - sunita.iyer@nic.in
GFU00437,2024-25,2024-09-28,Kerala,Kollam,Ministry of Agriculture & Farmers Welfare,PM Kisan Samman Nidhi,PMKISAN,Central Sector,Urban Local Body (ULB),442.57,390.35,0.0,0.0,456,0.0,2062,0.0,Not Started,Work completed as per schedule,Ashok Yadav - Assistant Engineer - ashok.yadav@nic.in
GFU00676,2022-23,2021-11-06,West Bengal,Siliguri,Ministry of Jal Shakti,Jal Jeevan Mission,JJM,Centrally Sponsored (90:10),District Panchayat / Zilla Parishad,101.12,67.24,0.0,0.0,218,0.0,1790,0.0,Not Started,  Awaiting third-party audit clearance  ,Sanjay Singh - District Collector Office - sanjay.singh@nic.in
GFU00813,2021-22,2023-01-08,Gujarat,Ahmedabad,Ministry of Rural Development,Pradhan Mantri Gram Sadak Yojana,PMGSY,Centrally Sponsored (60:40),State Nodal Agency,125.99,93.19,37.17,39.89,229,28.0,846,104.0,Ongoing,Delay due to - contractor mobilisation issue,Rakesh Chatterjee - Assistant Engineer - rakesh.chatterjee@nic.in
GFU00439,2024-25,2024-07-05,Tamil Nadu,Chennai,Ministry of Agriculture & Farmers Welfare,PM Kisan Samman Nidhi,PMKISAN,Central Sector,NGO / Partner Organisation,87.34,64.23,0.0,0.0,450,0.0,4523,0.0,Not Started,Delay due to - contractor mobilisation issue,Arvind Naik - Block Development Officer - arvind.naik@nic.in
GFU00326,2023-24,2021-11-25,Maharashtra,Pune,Ministry of Education,Samagra Shiksha Abhiyan,SS,Centrally Sponsored (60:40),District Panchayat / Zilla Parishad,248.67,177.28,153.96,86.85,54,52.0,2137,2060.0,Completed,Work completed as per schedule,Anjali Verma - Assistant Engineer - anjali.verma@nic.in
GFU00404,2023-24,2023-11-25,Rajasthan,Jaipur,Ministry of Rural Development,Mahatma Gandhi National Rural Employment Guarantee Scheme,MGNREGS,Centrally Sponsored (60:40),State Nodal Agency,541.36,414.92,334.22,80.55,103,8.0,3207,236.0,Ongoing,Delay due to - heavy monsoon rainfall,Anjali Reddy - District Programme Coordinator - anjali.reddy@nic.in
GFU00266,2022-23,2024-02-29,Rajasthan, Jodhpur,Ministry of Rural Development,Mahatma Gandhi National Rural Employment Guarantee Scheme,MGNREGS,Centrally Sponsored (60:40),Gram Panchayat,592.82,465.5,407.04,87.44,142,140.0,2868,2706.0,Completed,  Delay due to - contractor mobilisation issue  ,Anjali Kumar - District Programme Coordinator - anjali.kumar@nic.in
GFU00565,2021-22,2021-04-19,Maharashtra,Kolhapur ,Ministry of Education,PM Poshan (Mid-Day Meal Scheme),PMPOSHAN,Centrally Sponsored (60:40),District Panchayat / Zilla Parishad,480.0,457.32,444.87,97.28,229,227.0,705,669.0,Completed,Work completed as per schedule,Anjali Verma - Scheme Nodal Officer - anjali.verma@nic.in
GFU00603,2024-25,2022-05-14,Karnataka,Hubballi,Ministry of Rural Development,Pradhan Mantri Awas Yojana - Gramin,PMAY-G,Centrally Sponsored (60:40),District Panchayat / Zilla Parishad,760.12,655.87,428.95,65.4,31,6.0,1755,316.0,Ongoing,  Beneficiary list under revision  ,Deepa Verma - District Collector Office - deepa.verma@nic.in
GFU00816,2023-24,2024-10-28,Kerala,Kochi,Ministry of Education,Samagra Shiksha Abhiyan,SS,Centrally Sponsored (60:40),District Panchayat / Zilla Parishad,390.04,381.28,337.22,88.44,236,236.0,1412,1395.0,Completed,Beneficiary list under revision,Sunita Rao - District Programme Coordinator - sunita.rao@nic.in
GFU00279,2023-24,2022-03-23,Gujarat, Surat,Ministry of Rural Development,Pradhan Mantri Awas Yojana - Gramin,PMAY-G,Centrally Sponsored (60:40),Gram Panchayat,105.8,62.16,55.96,90.03,82,2.0,3117,75.0,Ongoing,Awaiting third-party audit clearance,Arvind Verma - District Programme Coordinator - arvind.verma@nic.in
GFU00656,2023-24,2024-11-06,Bihar,Patna,Ministry of Health & Family Welfare,National Health Mission,NHM,Centrally Sponsored (60:40),Gram Panchayat,618.67,573.16,507.91,88.62,352,350.0,1661,1622.0,Completed,Material procurement in progress,Ganesh Iyer - District Programme Coordinator - ganesh.iyer@nic.in
GFU00760,2023-24,2023-02-06,Gujarat, Rajkot,Ministry of Health & Family Welfare,Ayushman Bharat - Pradhan Mantri Jan Arogya Yojana,PMJAY,Centrally Sponsored (60:40),Gram Panchayat,652.88,472.82,0.0,0.0,122,0.0,2025,0.0,Not Started,Utilization certificate submitted and verified,Sunita Naik - District Collector Office - sunita.naik@nic.in
GFU00733,2023-24,2024-04-17,Bihar,Gaya,Ministry of Rural Development,Pradhan Mantri Awas Yojana - Gramin,PMAY-G,Centrally Sponsored (60:40),State Nodal Agency,278.38,192.3,184.82,96.11,276,,4499,4218.0,Completed,  Delay due to - land acquisition dispute  ,Meera Patel - District Collector Office - meera.patel@nic.in
GFU00712,2022-23,2022-04-24,Tamil Nadu,salem,Ministry of Jal Shakti,Swachh Bharat Mission - Gramin,SBM-G,Centrally Sponsored (60:40),Gram Panchayat,584.59,392.77,,,190,188.0,3887,3866.0,Completed,Delay due to - contractor mobilisation issue,Ramesh Patel - Block Development Officer - ramesh.patel@nic.in
GFU00554,2023-24,2022-12-20,Gujarat,ahmedabad,Ministry of Agriculture & Farmers Welfare,Pradhan Mantri Fasal Bima Yojana,PMFBY,Central Sector,State Nodal Agency,453.55,341.19,190.33,55.78,389,82.0,2501,497.0,Delayed,Beneficiary list under revision,Ganesh Chatterjee - District Programme Coordinator - ganesh.chatterjee@nic.in
GFU00752,2022-23,2025-01-16,Gujarat,Surat,Ministry of Education,PM Poshan (Mid-Day Meal Scheme),PMPOSHAN,Centrally Sponsored (60:40),Gram Panchayat,480.72,348.6,324.35,93.04,363,363.0,604,620.0,Completed,Utilization certificate submitted and verified,Kavita Naik - District Collector Office - kavita.naik@nic.in
GFU00889,2023-24,2025-02-16,Bihar, Darbhanga,Ministry of Agriculture & Farmers Welfare,Pradhan Mantri Fasal Bima Yojana,PMFBY,Central Sector,Gram Panchayat,106.71,84.85,74.6,87.92,456,456.0,1023,1011.0,Completed,Utilization certificate submitted and verified,Pooja Kumar - Block Development Officer - pooja.kumar@nic.in
GFU00897,2021-22,2022-05-24,Gujarat,Rajkot ,Ministry of Jal Shakti,Jal Jeevan Mission,JJM,Centrally Sponsored (90:10),NGO / Partner Organisation,138.12,82.64,40.38,48.86,331,1.0,3006,8.0,Ongoing,Delay due to - heavy monsoon rainfall,Ashok Das - Block Development Officer - ashok.das@nic.in
GFU00232,2022-23,2022-02-11,Gujarat,Vadodara,Ministry of Education,Samagra Shiksha Abhiyan,SS,Centrally Sponsored (60:40),State Nodal Agency,728.16,408.75,233.8,57.2,479,285.0,977,535.0,Ongoing,Delay due to - heavy monsoon rainfall,Kavita Yadav - Block Development Officer - kavita.yadav@nic.in
GFU00246,2022-23,2024-09-17,Maharashtra,Pune,Ministry of Health & Family Welfare,National Health Mission,NHM,Centrally Sponsored (60:40),NGO / Partner Organisation,394.54,225.83,192.95,85.44,462,313.0,877,,Delayed,Material procurement in progress,Ramesh Nair - Assistant Engineer - ramesh.nair@nic.in
GFU00168,2023-24,2024-01-17,Rajasthan,Ajmer,Ministry of Rural Development,Mahatma Gandhi National Rural Employment Guarantee Scheme,MGNREGS,Centrally Sponsored (60:40),Urban Local Body (ULB),574.41,508.11,355.98,70.06,460,351.0,1308,960.0,Ongoing,Awaiting third-party audit clearance,Ganesh Naik - District Collector Office - ganesh.naik@nic.in
GFU00503,2022-23,2022-09-07,Tamil Nadu, Coimbatore,Ministry of Jal Shakti,Swachh Bharat Mission - Gramin,SBM-G,Centrally Sponsored (60:40),Gram Panchayat,738.09,719.48,654.6,90.98,376,376.0,3328,3344.0,Completed,  No remarks recorded  ,Meera Chatterjee - District Collector Office - meera.chatterjee@nic.in
GFU00333,2023-24,2025-03-11,Bihar,Gaya,Ministry of Jal Shakti,Jal Jeevan Mission,JJM,Centrally Sponsored (90:10),Gram Panchayat,393.49,351.01,264.16,75.26,406,154.0,4956,1725.0,Ongoing,Awaiting third-party audit clearance,Anjali Yadav - Block Development Officer - anjali.yadav@nic.in
GFU00808,2024-25,2022-03-06,Maharashtra,Pune,Ministry of Rural Development,Pradhan Mantri Gram Sadak Yojana,PMGSY,Centrally Sponsored (60:40),Gram Panchayat,588.5,381.93,184.15,48.22,111,103.0,4104,3848.0,Delayed,No remarks recorded,Pooja Mishra - District Programme Coordinator - pooja.mishra@nic.in
GFU00784,2023-24,2024-05-14,Rajasthan,Kota,Ministry of Jal Shakti,Jal Jeevan Mission,JJM,Centrally Sponsored (90:10),State Nodal Agency,665.32,515.28,467.3,90.69,275,274.0,951,,Completed,No remarks recorded,Ashok Kumar - Assistant Engineer - ashok.kumar@nic.in
GFU00427,2023-24,2022-07-22,Tamil Nadu,Tiruchirappalli ,Ministry of Rural Development,Pradhan Mantri Awas Yojana - Gramin,PMAY-G,Centrally Sponsored (60:40),State Nodal Agency,733.53,373.95,347.26,92.86,295,295.0,3560,3296.0,Completed,Awaiting third-party audit clearance,Ramesh Chatterjee - Assistant Engineer - ramesh.chatterjee@nic.in
GFU00542,2023-24,2021-08-17,Tamil Nadu,Salem,Ministry of Agriculture & Farmers Welfare,PM Kisan Samman Nidhi,PMKISAN,Central Sector,District Panchayat / Zilla Parishad,536.32,528.92,,,307,0.0,3368,0.0,Not Started,Fund utilization certificate pending,Ramesh Rao - Scheme Nodal Officer - ramesh.rao@nic.in
GFU00163,2023-24,2024-12-30,Tamil Nadu,Tiruchirappalli,Ministry of Education,PM Poshan (Mid-Day Meal Scheme),PMPOSHAN,Centrally Sponsored (60:40),District Panchayat / Zilla Parishad,186.61,124.36,108.85,87.53,463,4.0,2647,23.0,Ongoing,Delay due to - heavy monsoon rainfall,Lakshmi Sharma - District Programme Coordinator - lakshmi.sharma@nic.in
GFU00150,2022-23,2022-04-20,Karnataka,Belagavi,Ministry of Jal Shakti,Swachh Bharat Mission - Gramin,SBM-G,Centrally Sponsored (60:40),State Nodal Agency,309.79,206.64,190.59,92.23,384,383.0,2188,2061.0,Completed,Work completed as per schedule,Ashok Naik - District Programme Coordinator - ashok.naik@nic.in
GFU00227,2024-25,2022-08-28,Madhya Pradesh, Jabalpur,Ministry of Jal Shakti,Jal Jeevan Mission,JJM,Centrally Sponsored (90:10),Gram Panchayat,143.36,110.66,89.99,81.32,378,164.0,2347,1015.0,Delayed,Beneficiary list under revision,Rakesh Kumar - Scheme Nodal Officer - rakesh.kumar@nic.in
GFU00686,2023-24,2021-09-07,Gujarat,ahmedabad,Ministry of Jal Shakti,Jal Jeevan Mission,JJM,Centrally Sponsored (90:10),Urban Local Body (ULB),605.44,379.49,125.76,33.14,113,25.0,814,188.0,Delayed,Work completed as per schedule,Meera Reddy - District Collector Office - meera.reddy@nic.in
GFU00095,2024-25,2024-02-22,Maharashtra, Kolhapur,Ministry of Agriculture & Farmers Welfare,Pradhan Mantri Fasal Bima Yojana,PMFBY,Central Sector,Gram Panchayat,194.59,152.9,83.5,54.61,59,24.0,1407,551.0,Delayed,,Lakshmi Reddy - District Programme Coordinator - lakshmi.reddy@nic.in
GFU00222,2023-24,2022-07-02,Uttar Pradesh, Lucknow,Ministry of Agriculture & Farmers Welfare,PM Kisan Samman Nidhi,PMKISAN,Central Sector,Gram Panchayat,210.35,188.3,105.22,55.88,238,83.0,2262,799.0,Delayed,Awaiting third-party audit clearance,Kavita Kumar - Block Development Officer - kavita.kumar@nic.in
GFU00598,2022-23,2024-11-11,Madhya Pradesh,jabalpur,Ministry of Rural Development,Pradhan Mantri Awas Yojana - Gramin,PMAY-G,Centrally Sponsored (60:40),Urban Local Body (ULB),680.56,603.19,,,266,266.0,372,383.0,Completed,  Delay due to - land acquisition dispute  ,Sanjay Naik - Scheme Nodal Officer - sanjay.naik@nic.in
GFU00700,2022-23,2024-08-18,Gujarat,Bhavnagar,Ministry of Jal Shakti,Jal Jeevan Mission,JJM,Centrally Sponsored (90:10),State Nodal Agency,62.6,35.79,34.91,97.54,471,46.0,2206,217.0,Delayed,Fund utilization certificate pending,Sanjay Verma - Scheme Nodal Officer - sanjay.verma@nic.in
GFU00474,2022-23,2024-04-27,Tamil Nadu,Chennai,Ministry of Rural Development,Mahatma Gandhi National Rural Employment Guarantee Scheme,MGNREGS,Centrally Sponsored (60:40),State Nodal Agency,389.61,335.79,307.46,91.56,82,80.0,4965,4914.0,Completed,No remarks recorded,Ramesh Patel - Assistant Engineer - ramesh.patel@nic.in
GFU00978,2022-23,2024-06-04,Gujarat,rajkot,Ministry of Rural Development,Pradhan Mantri Awas Yojana - Gramin,PMAY-G,Centrally Sponsored (60:40),Urban Local Body (ULB),415.97,245.0,106.6,43.51,326,276.0,3532,2790.0,Ongoing,Utilization certificate submitted and verified,Pooja Kumar - Block Development Officer - pooja.kumar@nic.in
GFU00602,2023-24,2021-11-09,Maharashtra, Pune,Ministry of Health & Family Welfare,National Health Mission,NHM,Centrally Sponsored (60:40),District Panchayat / Zilla Parishad,543.26,516.58,379.8,73.52,34,4.0,2660,314.0,Delayed,Utilization certificate submitted and verified,Vinod Yadav - Scheme Nodal Officer - vinod.yadav@nic.in
GFU00874,2023-24,2023-09-16,Maharashtra,Nagpur,Ministry of Agriculture & Farmers Welfare,Pradhan Mantri Fasal Bima Yojana,PMFBY,Central Sector,District Panchayat / Zilla Parishad,404.77,348.82,333.63,95.65,471,470.0,4164,4174.0,Completed,  Work completed as per schedule  ,Lakshmi Kumar - Block Development Officer - lakshmi.kumar@nic.in
GFU00035,2023-24,2023-07-11,Bihar,Patna,Ministry of Education,PM Poshan (Mid-Day Meal Scheme),PMPOSHAN,Centrally Sponsored (60:40),Urban Local Body (ULB),668.92,344.98,310.01,89.86,231,229.0,3811,3554.0,Completed,Delay due to - contractor mobilisation issue,Anjali Chatterjee - Assistant Engineer - anjali.chatterjee@nic.in
GFU00218,2024-25,2021-12-12,Karnataka,Mysuru,Ministry of Health & Family Welfare,Ayushman Bharat - Pradhan Mantri Jan Arogya Yojana,PMJAY,Centrally Sponsored (60:40),NGO / Partner Organisation,737.25,412.14,150.73,36.57,433,137.0,310,,Delayed,Delay due to - contractor mobilisation issue,Sunita Patel - Block Development Officer - sunita.patel@nic.in
GFU00073,2022-23,2023-11-14,Kerala,Kollam,Ministry of Health & Family Welfare,Ayushman Bharat - Pradhan Mantri Jan Arogya Yojana,PMJAY,Centrally Sponsored (60:40),Urban Local Body (ULB),778.17,486.16,485.33,99.83,334,334.0,920,888.0,Completed,Delay due to - contractor mobilisation issue,Ashok Iyer - Assistant Engineer - ashok.iyer@nic.in
GFU00221,2024-25,2023-01-19,Madhya Pradesh,Bhopal,Ministry of Education,PM Poshan (Mid-Day Meal Scheme),PMPOSHAN,Centrally Sponsored (60:40),District Panchayat / Zilla Parishad,206.76,112.8,,,80,52.0,365,231.0,Ongoing,Delay due to - heavy monsoon rainfall,Sunita Verma - District Programme Coordinator - sunita.verma@nic.in
GFU00214,2021-22,2022-10-03,Bihar,Muzaffarpur,Ministry of Jal Shakti,Swachh Bharat Mission - Gramin,SBM-G,Centrally Sponsored (60:40),State Nodal Agency,379.92,375.87,298.19,79.33,321,315.0,3339,3028.0,Ongoing,Material procurement in progress,Sanjay Naik - District Programme Coordinator - sanjay.naik@nic.in
GFU00861,2023-24,2023-04-18,Kerala,Thrissur,Ministry of Jal Shakti,Jal Jeevan Mission,JJM,Centrally Sponsored (90:10),District Panchayat / Zilla Parishad,651.22,344.63,148.59,43.12,393,148.0,4951,1704.0,Ongoing,  Delay due to - land acquisition dispute  ,Ashok Chatterjee - District Programme Coordinator - ashok.chatterjee@nic.in
GFU00395,2023-24,2021-05-26,Karnataka,Belagavi,Ministry of Agriculture & Farmers Welfare,PM Kisan Samman Nidhi,PMKISAN,Central Sector,State Nodal Agency,705.95,409.19,371.12,90.7,37,37.0,4748,4319.0,Completed,Awaiting third-party audit clearance,Manoj Rao - Assistant Engineer - manoj.rao@nic.in
GFU00964,2021-22,2024-05-03,Kerala,Thiruvananthapuram,Ministry of Jal Shakti,Swachh Bharat Mission - Gramin,SBM-G,Centrally Sponsored (60:40),District Panchayat / Zilla Parishad,210.6,183.5,169.07,92.14,130,69.0,2864,1413.0,Ongoing,No remarks recorded,Anjali Das - Block Development Officer - anjali.das@nic.in
GFU00368,2024-25,2022-05-24,Gujarat,Vadodara,Ministry of Education,PM Poshan (Mid-Day Meal Scheme),PMPOSHAN,Centrally Sponsored (60:40),Gram Panchayat,227.07,148.96,63.95,42.93,460,393.0,4283,3316.0,Delayed,Work completed as per schedule,Sanjay Nair - District Programme Coordinator - sanjay.nair@nic.in
GFU00013,2022-23,2021-12-24,West Bengal,Asansol ,Ministry of Health & Family Welfare,Ayushman Bharat - Pradhan Mantri Jan Arogya Yojana,PMJAY,Centrally Sponsored (60:40),District Panchayat / Zilla Parishad,554.23,503.49,475.51,94.44,410,408.0,484,455.0,Completed,Delay due to - land acquisition dispute,Sunita Verma - Scheme Nodal Officer - sunita.verma@nic.in
GFU00919,2024-25,2024-03-26,Maharashtra,Nashik,Ministry of Health & Family Welfare,National Health Mission,NHM,Centrally Sponsored (60:40),Gram Panchayat,474.15,261.91,,,134,72.0,3307,1751.0,Delayed,Material procurement in progress,Pooja Chatterjee - Scheme Nodal Officer - pooja.chatterjee@nic.in
GFU00344,2024-25,2024-12-14,Madhya Pradesh,Ujjain ,Ministry of Education,Samagra Shiksha Abhiyan,SS,Centrally Sponsored (60:40),State Nodal Agency,677.65,653.32,201.53,30.85,367,215.0,3415,1970.0,Ongoing,  Delay due to - land acquisition dispute  ,Lakshmi Kumar - District Programme Coordinator - lakshmi.kumar@nic.in
GFU00199,2021-22,2024-10-08,Bihar, Gaya,Ministry of Rural Development,Mahatma Gandhi National Rural Employment Guarantee Scheme,MGNREGS,Centrally Sponsored (60:40),Gram Panchayat,122.55,97.24,92.87,95.51,334,303.0,3478,3070.0,Ongoing,  Fund utilization certificate pending  ,Sunita Mishra - Scheme Nodal Officer - sunita.mishra@nic.in
GFU00726,2023-24,2021-06-14,Bihar,muzaffarpur,Ministry of Health & Family Welfare,National Health Mission,NHM,Centrally Sponsored (60:40),Gram Panchayat,93.72,84.76,46.63,55.01,425,100.0,4337,940.0,Delayed,No remarks recorded,Rakesh Das - Scheme Nodal Officer - rakesh.das@nic.in
GFU00697,2023-24,2024-02-13,Maharashtra,Nagpur,Ministry of Agriculture & Farmers Welfare,PM Kisan Samman Nidhi,PMKISAN,Central Sector,State Nodal Agency,382.36,215.26,206.82,96.08,229,228.0,3203,2913.0,Completed,Delay due to - contractor mobilisation issue,Manoj Chatterjee - Assistant Engineer - manoj.chatterjee@nic.in
GFU00235,2023-24,2021-12-30,Tamil Nadu,Madurai ,Ministry of Rural Development,Pradhan Mantri Gram Sadak Yojana,PMGSY,Centrally Sponsored (60:40),District Panchayat / Zilla Parishad,570.62,415.41,,,439,286.0,2217,1508.0,Ongoing,Delay due to - contractor mobilisation issue,Rakesh Kumar - District Programme Coordinator - rakesh.kumar@nic.in
GFU00696,2024-25,2022-09-19,West Bengal,Siliguri,Ministry of Rural Development,Mahatma Gandhi National Rural Employment Guarantee Scheme,MGNREGS,Centrally Sponsored (60:40),Gram Panchayat,368.77,268.11,155.25,57.91,162,83.0,628,315.0,Delayed,Beneficiary list under revision,Rakesh Patel - Scheme Nodal Officer - rakesh.patel@nic.in
GFU00421,2023-24,2022-02-22,Rajasthan,Ajmer ,Ministry of Health & Family Welfare,National Health Mission,NHM,Centrally Sponsored (60:40),Urban Local Body (ULB),324.14,312.59,309.29,98.94,373,373.0,4581,4587.0,Completed,Utilization certificate submitted and verified,Ashok Naik - Assistant Engineer - ashok.naik@nic.in
GFU00842,2024-25,2021-04-22,Madhya Pradesh,Indore,Ministry of Education,Samagra Shiksha Abhiyan,SS,Centrally Sponsored (60:40),District Panchayat / Zilla Parishad,444.45,239.8,158.75,66.2,393,134.0,3387,1092.0,Delayed,Material procurement in progress,Kavita Naik - Scheme Nodal Officer - kavita.naik@nic.in
GFU00990,2023-24,2022-05-22,Bihar,Bhagalpur,Ministry of Education,PM Poshan (Mid-Day Meal Scheme),PMPOSHAN,Centrally Sponsored (60:40),District Panchayat / Zilla Parishad,85.77,78.54,69.93,89.04,457,455.0,3673,3681.0,Completed,Work completed as per schedule,Manoj Das - Block Development Officer - manoj.das@nic.in
GFU00609,2023-24,2023-05-08,Gujarat,Surat,Ministry of Rural Development,Pradhan Mantri Awas Yojana - Gramin,PMAY-G,Centrally Sponsored (60:40),Gram Panchayat,515.58,287.69,272.44,94.7,202,201.0,2507,2246.0,Completed,  Delay due to - heavy monsoon rainfall  ,Sunita Patel - Block Development Officer - sunita.patel@nic.in
GFU00786,2024-25,2023-08-11,Gujarat,vadodara,Ministry of Jal Shakti,Jal Jeevan Mission,JJM,Centrally Sponsored (90:10),Gram Panchayat,64.22,46.32,24.51,52.91,299,97.0,4885,1512.0,Delayed,  Beneficiary list under revision  ,Manoj Mishra - District Programme Coordinator - manoj.mishra@nic.in
GFU00298,2021-22,2021-10-19,Kerala,Thrissur,Ministry of Rural Development,Pradhan Mantri Awas Yojana - Gramin,PMAY-G,Centrally Sponsored (60:40),Gram Panchayat,746.58,488.41,477.33,97.73,349,348.0,3241,3134.0,Completed,  Beneficiary list under revision  ,Manoj Chatterjee - Assistant Engineer - manoj.chatterjee@nic.in
GFU00064,2024-25,2023-12-09,Rajasthan,Ajmer,Ministry of Jal Shakti,Jal Jeevan Mission,JJM,Centrally Sponsored (90:10),NGO / Partner Organisation,521.85,315.03,274.79,87.23,318,317.0,4070,3695.0,Completed,Fund utilization certificate pending,Anjali Kumar - District Programme Coordinator - anjali.kumar@nic.in
GFU00735,2022-23,2022-06-25,Gujarat,Ahmedabad,Ministry of Agriculture & Farmers Welfare,PM Kisan Samman Nidhi,PMKISAN,Central Sector,Gram Panchayat,90.74,45.94,44.38,96.6,431,430.0,3446,3414.0,Completed,,Deepa Verma - Block Development Officer - deepa.verma@nic.in
GFU00608,2022-23,2022-05-12,West Bengal, Asansol,Ministry of Rural Development,Mahatma Gandhi National Rural Employment Guarantee Scheme,MGNREGS,Centrally Sponsored (60:40),State Nodal Agency,203.88,185.67,0.0,0.0,495,0.0,4189,0.0,Not Started,,Kavita Rao - District Programme Coordinator - kavita.rao@nic.in
GFU00014,2021-22,2021-10-13,Maharashtra, Pune,Ministry of Agriculture & Farmers Welfare,Pradhan Mantri Fasal Bima Yojana,PMFBY,Central Sector,Gram Panchayat,714.37,429.88,384.17,89.37,462,460.0,3316,2988.0,Completed,  Delay due to - land acquisition dispute  ,Vinod Kumar - Assistant Engineer - vinod.kumar@nic.in
GFU00436,2024-25,2023-01-04,Gujarat,Rajkot,Ministry of Rural Development,Pradhan Mantri Awas Yojana - Gramin,PMAY-G,Centrally Sponsored (60:40),Gram Panchayat,174.97,152.55,140.34,92.0,8,7.0,4248,3466.0,Completed,Delay due to - land acquisition dispute,Sanjay Rao - District Collector Office - sanjay.rao@nic.in
GFU00018,2022-23,2021-06-30,Gujarat,Surat,Ministry of Education,PM Poshan (Mid-Day Meal Scheme),PMPOSHAN,Centrally Sponsored (60:40),District Panchayat / Zilla Parishad,172.7,127.51,47.5,37.25,245,215.0,846,703.0,Delayed,  Work completed as per schedule  ,Rakesh Chatterjee - District Collector Office - rakesh.chatterjee@nic.in
GFU00765,2024-25,2021-09-01,Kerala,Thiruvananthapuram,Ministry of Jal Shakti,Jal Jeevan Mission,JJM,Centrally Sponsored (90:10),District Panchayat / Zilla Parishad,38.51,33.63,15.82,47.04,185,130.0,3090,2230.0,Delayed,Utilization certificate submitted and verified,Ramesh Mishra - Scheme Nodal Officer - ramesh.mishra@nic.in
GFU00887,2022-23,2024-03-17,Madhya Pradesh,Indore,Ministry of Rural Development,Pradhan Mantri Gram Sadak Yojana,PMGSY,Centrally Sponsored (60:40),District Panchayat / Zilla Parishad,295.48,196.85,179.06,90.96,271,269.0,2094,1930.0,Completed,Work completed as per schedule,Deepa Naik - District Programme Coordinator - deepa.naik@nic.in
GFU00759,2022-23,2022-08-25,Uttar Pradesh, Lucknow,Ministry of Rural Development,Pradhan Mantri Awas Yojana - Gramin,PMAY-G,Centrally Sponsored (60:40),Urban Local Body (ULB),376.75,296.3,253.06,85.41,330,328.0,823,825.0,Completed,,Ganesh Reddy - Assistant Engineer - ganesh.reddy@nic.in
GFU00780,2024-25,2025-03-08,Rajasthan,Ajmer,Ministry of Education,Samagra Shiksha Abhiyan,SS,Centrally Sponsored (60:40),NGO / Partner Organisation,256.61,133.29,0.0,0.0,489,0.0,541,0.0,Not Started,Material procurement in progress,Ramesh Das - Scheme Nodal Officer - ramesh.das@nic.in
GFU00349,2022-23,2023-11-15,Uttar Pradesh,Agra,Ministry of Rural Development,Mahatma Gandhi National Rural Employment Guarantee Scheme,MGNREGS,Centrally Sponsored (60:40),District Panchayat / Zilla Parishad,281.07,154.73,106.75,68.99,380,368.0,3992,3823.0,Delayed,Fund utilization certificate pending,Sanjay Singh - District Collector Office - sanjay.singh@nic.in
GFU00208,2022-23,2024-03-08,Karnataka,Hubballi,Ministry of Rural Development,Pradhan Mantri Awas Yojana - Gramin,PMAY-G,Centrally Sponsored (60:40),Gram Panchayat,47.09,44.53,28.63,64.29,349,199.0,2846,1482.0,Ongoing,No remarks recorded,Lakshmi Chatterjee - Scheme Nodal Officer - lakshmi.chatterjee@nic.in
GFU00091,2022-23,2024-08-06,Kerala,Kollam,Ministry of Health & Family Welfare,National Health Mission,NHM,Centrally Sponsored (60:40),District Panchayat / Zilla Parishad,271.12,254.93,0.0,0.0,18,0.0,2226,0.0,Not Started,Beneficiary list under revision,Pooja Verma - Block Development Officer - pooja.verma@nic.in
GFU00308,2022-23,2022-06-08,Uttar Pradesh,varanasi,Ministry of Rural Development,Pradhan Mantri Awas Yojana - Gramin,PMAY-G,Centrally Sponsored (60:40),State Nodal Agency,196.46,103.99,0.0,0.0,495,0.0,4197,0.0,Not Started,  Delay due to - land acquisition dispute  ,Lakshmi Mishra - Block Development Officer - lakshmi.mishra@nic.in
GFU00342,2023-24,2023-06-18,West Bengal,siliguri,Ministry of Health & Family Welfare,Ayushman Bharat - Pradhan Mantri Jan Arogya Yojana,PMJAY,Centrally Sponsored (60:40),Gram Panchayat,608.11,388.13,250.4,64.51,179,158.0,4884,4047.0,Ongoing,Work completed as per schedule,Lakshmi Nair - Scheme Nodal Officer - lakshmi.nair@nic.in
GFU00381,2021-22,2024-10-23,Tamil Nadu,Salem,Ministry of Rural Development,Pradhan Mantri Gram Sadak Yojana,PMGSY,Centrally Sponsored (60:40),Urban Local Body (ULB),648.96,632.89,538.64,85.11,26,26.0,3977,3996.0,Completed,No remarks recorded,Anjali Chatterjee - District Collector Office - anjali.chatterjee@nic.in
GFU00345,2024-25,2024-03-21,Karnataka,Hubballi,Ministry of Health & Family Welfare,National Health Mission,NHM,Centrally Sponsored (60:40),State Nodal Agency,666.74,579.2,569.19,98.27,319,318.0,1220,1173.0,Completed,Awaiting third-party audit clearance,Ramesh Chatterjee - Assistant Engineer - ramesh.chatterjee@nic.in
GFU00472,2022-23,2022-12-10,Uttar Pradesh,Varanasi,Ministry of Rural Development,Mahatma Gandhi National Rural Employment Guarantee Scheme,MGNREGS,Centrally Sponsored (60:40),Gram Panchayat,162.64,137.4,126.98,92.42,199,113.0,1286,663.0,Ongoing,Delay due to - heavy monsoon rainfall,Manoj Iyer - District Collector Office - manoj.iyer@nic.in
GFU00805,2023-24,2024-11-19,Karnataka,Belagavi,Ministry of Jal Shakti,Jal Jeevan Mission,JJM,Centrally Sponsored (90:10),State Nodal Agency,343.91,301.76,270.71,89.71,84,82.0,2443,2184.0,Completed,Beneficiary list under revision,Arvind Naik - District Collector Office - arvind.naik@nic.in
GFU00552,2022-23,2023-05-28,Bihar,darbhanga,Ministry of Rural Development,Pradhan Mantri Gram Sadak Yojana,PMGSY,Centrally Sponsored (60:40),Gram Panchayat,515.71,312.46,283.72,90.8,349,135.0,417,164.0,Ongoing,Delay due to - contractor mobilisation issue,Ramesh Nair - Scheme Nodal Officer - ramesh.nair@nic.in
GFU00599,2023-24,2024-02-11,Rajasthan,Kota,Ministry of Rural Development,Pradhan Mantri Awas Yojana - Gramin,PMAY-G,Centrally Sponsored (60:40),Urban Local Body (ULB),562.24,506.91,453.99,89.56,93,88.0,600,560.0,Ongoing,Work completed as per schedule,Lakshmi Kumar - Block Development Officer - lakshmi.kumar@nic.in
GFU00694,2023-24,2024-03-21,Madhya Pradesh, Ujjain,Ministry of Jal Shakti,Swachh Bharat Mission - Gramin,SBM-G,Centrally Sponsored (60:40),Urban Local Body (ULB),748.08,430.58,421.25,97.83,242,241.0,3618,3270.0,Completed,Material procurement in progress,Ashok Sharma - Assistant Engineer - ashok.sharma@nic.in
GFU00033,2022-23,2024-01-27,Madhya Pradesh,Indore,Ministry of Rural Development,Pradhan Mantri Awas Yojana - Gramin,PMAY-G,Centrally Sponsored (60:40),Urban Local Body (ULB),370.93,281.72,122.82,43.6,237,2.0,4344,38.0,Delayed,Material procurement in progress,Lakshmi Naik - Scheme Nodal Officer - lakshmi.naik@nic.in
GFU00937,2022-23,2023-01-25,Madhya Pradesh,Gwalior,Ministry of Agriculture & Farmers Welfare,Pradhan Mantri Fasal Bima Yojana,PMFBY,Central Sector,State Nodal Agency,458.08,247.43,,,345,343.0,425,405.0,Completed,Delay due to - land acquisition dispute,Arvind Patel - Scheme Nodal Officer - arvind.patel@nic.in
GFU00658,2023-24,2022-04-08,Madhya Pradesh,Gwalior,Ministry of Education,PM Poshan (Mid-Day Meal Scheme),PMPOSHAN,Centrally Sponsored (60:40),Urban Local Body (ULB),703.23,475.25,164.51,34.62,299,7.0,2646,56.0,Ongoing,  No remarks recorded  ,Kavita Iyer - District Collector Office - kavita.iyer@nic.in
GFU00671,2022-23,2021-05-16,Kerala,Thiruvananthapuram ,Ministry of Rural Development,Pradhan Mantri Awas Yojana - Gramin,PMAY-G,Centrally Sponsored (60:40),District Panchayat / Zilla Parishad,397.96,293.44,285.49,97.29,342,342.0,4984,4865.0,Completed,Material procurement in progress,Rakesh Singh - District Collector Office - rakesh.singh@nic.in
GFU00173,2022-23,2024-09-23,Karnataka,Hubballi,Ministry of Jal Shakti,Swachh Bharat Mission - Gramin,SBM-G,Centrally Sponsored (60:40),State Nodal Agency,750.91,582.15,505.08,86.76,252,251.0,484,436.0,Completed,  Material procurement in progress  ,Ashok Das - Block Development Officer - ashok.das@nic.in
GFU00851,2022-23,2021-08-21,Kerala,Thiruvananthapuram,Ministry of Rural Development,Pradhan Mantri Gram Sadak Yojana,PMGSY,Centrally Sponsored (60:40),State Nodal Agency,340.26,250.25,212.78,85.03,393,393.0,1402,1418.0,Completed,Fund utilization certificate pending,Manoj Naik - Assistant Engineer - manoj.naik@nic.in
GFU00852,2023-24,2023-11-14,West Bengal,Durgapur,Ministry of Jal Shakti,Jal Jeevan Mission,JJM,Centrally Sponsored (90:10),District Panchayat / Zilla Parishad,203.88,183.18,169.72,92.65,197,184.0,3957,3670.0,Delayed,Awaiting third-party audit clearance,Rakesh Mishra - District Programme Coordinator - rakesh.mishra@nic.in
GFU00409,2021-22,2025-01-05,Maharashtra,Nashik ,Ministry of Health & Family Welfare,Ayushman Bharat - Pradhan Mantri Jan Arogya Yojana,PMJAY,Centrally Sponsored (60:40),District Panchayat / Zilla Parishad,137.21,78.48,61.76,78.7,87,2.0,1979,46.0,Ongoing,,Ramesh Rao - District Programme Coordinator - ramesh.rao@nic.in
GFU00958,2023-24,2022-12-27,Gujarat,Rajkot,Ministry of Health & Family Welfare,Ayushman Bharat - Pradhan Mantri Jan Arogya Yojana,PMJAY,Centrally Sponsored (60:40),Gram Panchayat,92.03,62.91,61.96,98.49,89,89.0,4859,4866.0,Completed,Beneficiary list under revision,Ganesh Chatterjee - Scheme Nodal Officer - ganesh.chatterjee@nic.in
GFU00904,2024-25,2023-06-01,Uttar Pradesh,Kanpur,Ministry of Health & Family Welfare,Ayushman Bharat - Pradhan Mantri Jan Arogya Yojana,PMJAY,Centrally Sponsored (60:40),NGO / Partner Organisation,170.08,87.74,0.0,0.0,315,0.0,1104,0.0,Not Started,Awaiting third-party audit clearance,Kavita Chatterjee - Scheme Nodal Officer - kavita.chatterjee@nic.in
GFU00201,2023-24,2023-04-20,Gujarat,Vadodara,Ministry of Health & Family Welfare,National Health Mission,NHM,Centrally Sponsored (60:40),District Panchayat / Zilla Parishad,517.51,266.49,259.59,97.41,230,108.0,2434,1045.0,Ongoing,Awaiting third-party audit clearance,Vinod Naik - Block Development Officer - vinod.naik@nic.in
GFU00293,2024-25,2021-09-08,Karnataka,Mangaluru,Ministry of Agriculture & Farmers Welfare,PM Kisan Samman Nidhi,PMKISAN,Central Sector,Gram Panchayat,685.42,552.54,482.48,87.32,456,455.0,132,131.0,Completed,  Awaiting third-party audit clearance  ,Pooja Mishra - District Collector Office - pooja.mishra@nic.in
GFU00584,2021-22,2023-05-25,Tamil Nadu,Coimbatore,Ministry of Agriculture & Farmers Welfare,Pradhan Mantri Fasal Bima Yojana,PMFBY,Central Sector,District Panchayat / Zilla Parishad,684.47,345.7,261.06,75.52,286,171.0,2394,1427.0,Ongoing,Fund utilization certificate pending,Meera Verma - Block Development Officer - meera.verma@nic.in
GFU00867,2023-24,2023-03-18,Gujarat,Surat,Ministry of Rural Development,Mahatma Gandhi National Rural Employment Guarantee Scheme,MGNREGS,Centrally Sponsored (60:40),Gram Panchayat,93.38,69.29,24.48,35.33,137,28.0,940,182.0,Ongoing,,Ganesh Singh - Scheme Nodal Officer - ganesh.singh@nic.in
GFU00511,2021-22,2023-06-10,Kerala,Kozhikode,Ministry of Jal Shakti,Jal Jeevan Mission,JJM,Centrally Sponsored (90:10),District Panchayat / Zilla Parishad,450.12,229.16,72.63,31.69,9,6.0,2688,1758.0,Ongoing,  No remarks recorded  ,Anjali Verma - Block Development Officer - anjali.verma@nic.in
GFU00911,2024-25,2024-02-17,Maharashtra,pune,Ministry of Agriculture & Farmers Welfare,PM Kisan Samman Nidhi,PMKISAN,Central Sector,NGO / Partner Organisation,551.57,514.88,458.27,89.01,224,224.0,2443,2330.0,Completed,  No remarks recorded  ,Rakesh Chatterjee - Scheme Nodal Officer - rakesh.chatterjee@nic.in
GFU00845,2022-23,2025-03-04,West Bengal, Siliguri,Ministry of Rural Development,Pradhan Mantri Gram Sadak Yojana,PMGSY,Centrally Sponsored (60:40),NGO / Partner Organisation,108.48,82.22,41.67,50.68,87,52.0,1986,1226.0,Ongoing,Material procurement in progress,Arvind Chatterjee - District Collector Office - arvind.chatterjee@nic.in
GFU00881,2023-24,2024-11-16,Karnataka,Belagavi,Ministry of Health & Family Welfare,National Health Mission,NHM,Centrally Sponsored (60:40),District Panchayat / Zilla Parishad,114.67,79.23,71.04,89.66,405,405.0,795,795.0,Completed,Beneficiary list under revision,Lakshmi Singh - Block Development Officer - lakshmi.singh@nic.in
GFU00976,2024-25,2023-08-26,Gujarat,Rajkot ,Ministry of Health & Family Welfare,National Health Mission,NHM,Centrally Sponsored (60:40),District Panchayat / Zilla Parishad,686.01,625.5,0.0,0.0,438,0.0,2563,0.0,Not Started,  Delay due to - land acquisition dispute  ,Manoj Naik - District Collector Office - manoj.naik@nic.in
GFU00961,2022-23,2024-01-20,Madhya Pradesh,Gwalior,Ministry of Agriculture & Farmers Welfare,Pradhan Mantri Fasal Bima Yojana,PMFBY,Central Sector,State Nodal Agency,45.72,27.46,25.38,92.43,452,294.0,1037,664.0,Ongoing,Delay due to - land acquisition dispute,Meera Chatterjee - District Programme Coordinator - meera.chatterjee@nic.in
GFU00490,2023-24,2022-11-29,Karnataka,Mangaluru,Ministry of Rural Development,Mahatma Gandhi National Rural Employment Guarantee Scheme,MGNREGS,Centrally Sponsored (60:40),District Panchayat / Zilla Parishad,270.45,225.45,165.34,73.34,487,409.0,839,690.0,Ongoing,Delay due to - land acquisition dispute,Kavita Iyer - District Programme Coordinator - kavita.iyer@nic.in
GFU00878,2024-25,2024-03-13,Madhya Pradesh,bhopal,Ministry of Education,Samagra Shiksha Abhiyan,SS,Centrally Sponsored (60:40),State Nodal Agency,608.99,346.32,336.89,97.28,231,231.0,3342,3279.0,Completed,No remarks recorded,Vinod Rao - District Collector Office - vinod.rao@nic.in
GFU00965,2022-23,2021-04-26,Bihar,Patna,Ministry of Agriculture & Farmers Welfare,Pradhan Mantri Fasal Bima Yojana,PMFBY,Central Sector,Gram Panchayat,382.48,197.04,78.93,40.06,232,4.0,912,14.0,Ongoing,Awaiting third-party audit clearance,Manoj Rao - Scheme Nodal Officer - manoj.rao@nic.in
GFU00134,2024-25,2021-08-09,Bihar,Muzaffarpur,Ministry of Jal Shakti,Swachh Bharat Mission - Gramin,SBM-G,Centrally Sponsored (60:40),NGO / Partner Organisation,262.75,165.28,,,210,80.0,426,154.0,Delayed,Utilization certificate submitted and verified,Rakesh Singh - Assistant Engineer - rakesh.singh@nic.in
GFU00061,2021-22,2021-08-23,Bihar,Darbhanga,Ministry of Jal Shakti,Jal Jeevan Mission,JJM,Centrally Sponsored (90:10),District Panchayat / Zilla Parishad,527.13,462.29,454.61,98.34,436,435.0,4844,4862.0,Completed,Utilization certificate submitted and verified,Sunita Sharma - Scheme Nodal Officer - sunita.sharma@nic.in
GFU00691,2022-23,2022-04-14,Madhya Pradesh, Gwalior,Ministry of Agriculture & Farmers Welfare,PM Kisan Samman Nidhi,PMKISAN,Central Sector,Gram Panchayat,756.6,590.54,355.12,60.13,23,10.0,4677,1862.0,Delayed,Work completed as per schedule,Deepa Das - Scheme Nodal Officer - deepa.das@nic.in
GFU00027,2022-23,2024-07-26,Gujarat,Bhavnagar,Ministry of Rural Development,Pradhan Mantri Gram Sadak Yojana,PMGSY,Centrally Sponsored (60:40),NGO / Partner Organisation,179.32,112.42,109.34,97.26,443,380.0,2865,2233.0,Delayed,Delay due to - heavy monsoon rainfall,Manoj Iyer - Block Development Officer - manoj.iyer@nic.in
GFU00101,2023-24,2022-04-27,Tamil Nadu,Tiruchirappalli,Ministry of Agriculture & Farmers Welfare,PM Kisan Samman Nidhi,PMKISAN,Central Sector,Urban Local Body (ULB),402.61,328.54,303.07,92.25,223,223.0,3826,3844.0,Completed,Work completed as per schedule,Meera Reddy - District Programme Coordinator - meera.reddy@nic.in
GFU00532,2022-23,2021-05-18,Karnataka,Hubballi,Ministry of Rural Development,Pradhan Mantri Awas Yojana - Gramin,PMAY-G,Centrally Sponsored (60:40),Gram Panchayat,64.26,34.25,34.01,99.3,86,86.0,198,200.0,Completed,Fund utilization certificate pending,Pooja Naik - Block Development Officer - pooja.naik@nic.in
GFU00589,2023-24,2023-04-09,Maharashtra,Nagpur,Ministry of Jal Shakti,Swachh Bharat Mission - Gramin,SBM-G,Centrally Sponsored (60:40),Gram Panchayat,72.44,58.77,58.09,98.84,480,111.0,1920,441.0,Ongoing,Work completed as per schedule,Manoj Mishra - District Programme Coordinator - manoj.mishra@nic.in
GFU00999,2022-23,2023-02-06,Madhya Pradesh,Jabalpur,Ministry of Education,Samagra Shiksha Abhiyan,SS,Centrally Sponsored (60:40),Gram Panchayat,425.18,346.94,0.0,0.0,6,0.0,2744,0.0,Not Started,Utilization certificate submitted and verified,Meera Rao - District Collector Office - meera.rao@nic.in
GFU00777,2024-25,2024-02-06,Bihar,gaya,Ministry of Rural Development,Mahatma Gandhi National Rural Employment Guarantee Scheme,MGNREGS,Centrally Sponsored (60:40),State Nodal Agency,514.24,300.82,295.2,98.13,301,299.0,2742,2549.0,Completed,Utilization certificate submitted and verified,Lakshmi Sharma - District Collector Office - lakshmi.sharma@nic.in
GFU00789,2023-24,2022-05-08,Uttar Pradesh,Varanasi,Ministry of Rural Development,Pradhan Mantri Gram Sadak Yojana,PMGSY,Centrally Sponsored (60:40),NGO / Partner Organisation,82.49,50.56,45.21,89.42,337,241.0,466,,Ongoing,,Ramesh Das - Assistant Engineer - ramesh.das@nic.in
GFU00521,2022-23,2024-11-29,Bihar,Gaya,Ministry of Health & Family Welfare,National Health Mission,NHM,Centrally Sponsored (60:40),Gram Panchayat,281.71,240.25,193.82,80.67,307,148.0,1050,528.0,Ongoing,Beneficiary list under revision,Ganesh Rao - Block Development Officer - ganesh.rao@nic.in
GFU00364,2022-23,2022-09-18,West Bengal,Kolkata,Ministry of Rural Development,Mahatma Gandhi National Rural Employment Guarantee Scheme,MGNREGS,Centrally Sponsored (60:40),Gram Panchayat,761.49,530.28,0.0,0.0,148,0.0,388,0.0,Not Started,Delay due to - heavy monsoon rainfall,Ramesh Chatterjee - Block Development Officer - ramesh.chatterjee@nic.in
GFU00310,2022-23,2024-05-19,Kerala,Thrissur,Ministry of Jal Shakti,Swachh Bharat Mission - Gramin,SBM-G,Centrally Sponsored (60:40),District Panchayat / Zilla Parishad,298.65,270.8,0.0,0.0,14,0.0,721,0.0,Not Started,Work completed as per schedule,Anjali Naik - Assistant Engineer - anjali.naik@nic.in
GFU00796,2021-22,2021-08-25,Kerala, Kollam,Ministry of Health & Family Welfare,National Health Mission,NHM,Centrally Sponsored (60:40),State Nodal Agency,43.2,40.32,34.86,86.46,477,477.0,4045,4063.0,Completed,Delay due to - contractor mobilisation issue,Arvind Kumar - Block Development Officer - arvind.kumar@nic.in
GFU00829,2022-23,2023-03-22,Gujarat, Vadodara,Ministry of Jal Shakti,Jal Jeevan Mission,JJM,Centrally Sponsored (90:10),Gram Panchayat,578.08,313.58,136.91,43.66,33,11.0,4454,1514.0,Ongoing,Delay due to - contractor mobilisation issue,Anjali Yadav - Assistant Engineer - anjali.yadav@nic.in
GFU00605,2024-25,2023-05-21,Kerala,Kollam,Ministry of Jal Shakti,Swachh Bharat Mission - Gramin,SBM-G,Centrally Sponsored (60:40),NGO / Partner Organisation,496.16,481.23,462.09,96.02,259,168.0,2210,1374.0,Ongoing,Delay due to - land acquisition dispute,Rakesh Naik - District Collector Office - rakesh.naik@nic.in
GFU00253,2021-22,2022-01-18,Madhya Pradesh,Jabalpur,Ministry of Health & Family Welfare,Ayushman Bharat - Pradhan Mantri Jan Arogya Yojana,PMJAY,Centrally Sponsored (60:40),State Nodal Agency,147.05,75.51,67.29,89.11,24,23.0,4891,4326.0,Completed,Delay due to - contractor mobilisation issue,Ashok Nair - District Programme Coordinator - ashok.nair@nic.in
GFU00545,2024-25,2024-09-03,Bihar, Patna,Ministry of Agriculture & Farmers Welfare,Pradhan Mantri Fasal Bima Yojana,PMFBY,Central Sector,NGO / Partner Organisation,148.25,89.22,58.6,65.68,64,39.0,4849,2945.0,Ongoing,  No remarks recorded  ,Meera Patel - Block Development Officer - meera.patel@nic.in
GFU00482,2021-22,2022-09-12,Karnataka,Belagavi,Ministry of Rural Development,Mahatma Gandhi National Rural Employment Guarantee Scheme,MGNREGS,Centrally Sponsored (60:40),State Nodal Agency,101.89,98.65,31.54,31.97,387,272.0,243,167.0,Ongoing,,Sanjay Iyer - Scheme Nodal Officer - sanjay.iyer@nic.in
GFU00442,2024-25,2024-11-12,Gujarat,Bhavnagar ,Ministry of Education,Samagra Shiksha Abhiyan,SS,Centrally Sponsored (60:40),NGO / Partner Organisation,222.06,122.99,100.89,82.03,178,158.0,3363,2693.0,Ongoing,Work completed as per schedule,Manoj Rao - Scheme Nodal Officer - manoj.rao@nic.in
GFU00648,2022-23,2021-11-09,Bihar,Darbhanga,Ministry of Rural Development,Mahatma Gandhi National Rural Employment Guarantee Scheme,MGNREGS,Centrally Sponsored (60:40),Gram Panchayat,295.17,199.37,,,317,259.0,206,171.0,Delayed,Utilization certificate submitted and verified,Ganesh Singh - Block Development Officer - ganesh.singh@nic.in
GFU00477,2024-25,2023-04-25,Karnataka,hubballi,Ministry of Rural Development,Pradhan Mantri Awas Yojana - Gramin,PMAY-G,Centrally Sponsored (60:40),District Panchayat / Zilla Parishad,61.51,46.58,45.54,97.77,462,460.0,948,852.0,Completed,Beneficiary list under revision,Vinod Rao - Assistant Engineer - vinod.rao@nic.in
GFU00023,2023-24,2023-10-22,Uttar Pradesh,Lucknow,Ministry of Rural Development,Pradhan Mantri Gram Sadak Yojana,PMGSY,Centrally Sponsored (60:40),Urban Local Body (ULB),648.33,563.82,,,315,282.0,3213,2661.0,Delayed,Delay due to - heavy monsoon rainfall,Deepa Mishra - Scheme Nodal Officer - deepa.mishra@nic.in
GFU00063,2023-24,2022-10-27,Rajasthan,Jaipur,Ministry of Jal Shakti,Swachh Bharat Mission - Gramin,SBM-G,Centrally Sponsored (60:40),NGO / Partner Organisation,143.57,98.39,0.0,0.0,59,0.0,92,0.0,Not Started,Fund utilization certificate pending,Meera Das - District Programme Coordinator - meera.das@nic.in
GFU00149,2023-24,2022-02-09,Maharashtra,Pune,Ministry of Jal Shakti,Jal Jeevan Mission,JJM,Centrally Sponsored (90:10),District Panchayat / Zilla Parishad,616.63,571.39,287.03,50.23,261,213.0,4930,4141.0,Ongoing,  Fund utilization certificate pending  ,Rakesh Das - District Programme Coordinator - rakesh.das@nic.in
GFU00484,2023-24,2022-11-02,Uttar Pradesh,Agra,Ministry of Education,Samagra Shiksha Abhiyan,SS,Centrally Sponsored (60:40),Gram Panchayat,303.09,235.29,225.85,95.99,189,188.0,431,412.0,Completed,Material procurement in progress,Ramesh Reddy - District Programme Coordinator - ramesh.reddy@nic.in
GFU00728,2022-23,2021-06-16,Tamil Nadu,Chennai ,Ministry of Agriculture & Farmers Welfare,PM Kisan Samman Nidhi,PMKISAN,Central Sector,Gram Panchayat,268.79,258.04,117.6,45.57,390,23.0,2620,153.0,Ongoing,Delay due to - contractor mobilisation issue,Meera Sharma - Block Development Officer - meera.sharma@nic.in
GFU00902,2024-25,2024-03-12,Kerala,Thrissur ,Ministry of Jal Shakti,Swachh Bharat Mission - Gramin,SBM-G,Centrally Sponsored (60:40),Gram Panchayat,411.36,245.43,227.2,92.57,317,316.0,2841,2573.0,Completed,Fund utilization certificate pending,Lakshmi Rao - District Collector Office - lakshmi.rao@nic.in
GFU00787,2021-22,2024-05-20,Tamil Nadu,Madurai,Ministry of Rural Development,Pradhan Mantri Awas Yojana - Gramin,PMAY-G,Centrally Sponsored (60:40),State Nodal Agency,183.98,116.86,38.22,32.71,269,127.0,3757,1668.0,Ongoing,Work completed as per schedule,Sunita Rao - District Collector Office - sunita.rao@nic.in
GFU00258,2023-24,2023-03-01,Bihar,Patna,Ministry of Education,Samagra Shiksha Abhiyan,SS,Centrally Sponsored (60:40),District Panchayat / Zilla Parishad,238.79,148.87,129.54,87.02,42,14.0,2773,863.0,Ongoing,Fund utilization certificate pending,Pooja Iyer - Assistant Engineer - pooja.iyer@nic.in
GFU00053,2022-23,2022-07-21,Maharashtra,Kolhapur,Ministry of Jal Shakti,Jal Jeevan Mission,JJM,Centrally Sponsored (90:10),State Nodal Agency,173.19,161.54,,,51,30.0,1806,1011.0,Delayed,Material procurement in progress,Rakesh Kumar - District Collector Office - rakesh.kumar@nic.in
GFU00243,2023-24,2021-08-21,Rajasthan, Jaipur,Ministry of Jal Shakti,Jal Jeevan Mission,JJM,Centrally Sponsored (90:10),Urban Local Body (ULB),460.98,323.08,200.14,61.95,236,78.0,2882,908.0,Delayed,Delay due to - heavy monsoon rainfall,Rakesh Verma - District Programme Coordinator - rakesh.verma@nic.in
GFU00174,2022-23,2022-08-05,Bihar,Bhagalpur,Ministry of Education,PM Poshan (Mid-Day Meal Scheme),PMPOSHAN,Centrally Sponsored (60:40),District Panchayat / Zilla Parishad,246.54,217.01,202.76,93.43,265,212.0,2246,1714.0,Delayed,Work completed as per schedule,Arvind Nair - Assistant Engineer - arvind.nair@nic.in
GFU00036,2022-23,2025-03-12,Kerala,Kozhikode ,Ministry of Rural Development,Pradhan Mantri Awas Yojana - Gramin,PMAY-G,Centrally Sponsored (60:40),State Nodal Agency,501.85,291.94,200.97,68.84,259,112.0,3883,1707.0,Delayed,,Manoj Kumar - Assistant Engineer - manoj.kumar@nic.in
GFU00179,2021-22,2022-05-31,Kerala,Kozhikode,Ministry of Education,Samagra Shiksha Abhiyan,SS,Centrally Sponsored (60:40),State Nodal Agency,29.2,25.99,22.47,86.46,305,305.0,2343,2345.0,Completed,  Fund utilization certificate pending  ,Manoj Yadav - District Collector Office - manoj.yadav@nic.in
GFU00680,2023-24,2023-05-16,Uttar Pradesh,Meerut,Ministry of Jal Shakti,Jal Jeevan Mission,JJM,Centrally Sponsored (90:10),District Panchayat / Zilla Parishad,543.23,344.62,156.66,45.46,291,14.0,1100,54.0,Delayed,Material procurement in progress,Ramesh Mishra - Scheme Nodal Officer - ramesh.mishra@nic.in
GFU00739,2023-24,2025-01-29,Maharashtra,Aurangabad,Ministry of Rural Development,Pradhan Mantri Awas Yojana - Gramin,PMAY-G,Centrally Sponsored (60:40),Urban Local Body (ULB),546.57,540.47,485.76,89.88,285,81.0,1793,466.0,Ongoing,,Arvind Mishra - Scheme Nodal Officer - arvind.mishra@nic.in
GFU00121,2022-23,2024-04-03,West Bengal,Asansol,Ministry of Rural Development,Pradhan Mantri Awas Yojana - Gramin,PMAY-G,Centrally Sponsored (60:40),Gram Panchayat,36.27,24.49,14.98,61.17,119,13.0,82,9.0,Ongoing,,Ganesh Sharma - Scheme Nodal Officer - ganesh.sharma@nic.in
GFU00276,2024-25,2022-06-28,Karnataka,Bengaluru,Ministry of Jal Shakti,Swachh Bharat Mission - Gramin,SBM-G,Centrally Sponsored (60:40),District Panchayat / Zilla Parishad,186.53,108.22,94.4,87.23,181,179.0,2522,2492.0,Completed,Delay due to - contractor mobilisation issue,Manoj Mishra - Block Development Officer - manoj.mishra@nic.in
GFU00045,2024-25,2021-12-18,Bihar, Gaya,Ministry of Jal Shakti,Swachh Bharat Mission - Gramin,SBM-G,Centrally Sponsored (60:40),Urban Local Body (ULB),326.13,305.21,278.88,91.37,270,269.0,4779,4773.0,Completed,Work completed as per schedule,Rakesh Naik - Scheme Nodal Officer - rakesh.naik@nic.in
GFU00301,2024-25,2024-02-09,Rajasthan,Kota,Ministry of Rural Development,Pradhan Mantri Gram Sadak Yojana,PMGSY,Centrally Sponsored (60:40),Gram Panchayat,699.34,583.68,523.7,89.72,201,200.0,3913,,Completed,Delay due to - land acquisition dispute,Kavita Rao - Block Development Officer - kavita.rao@nic.in
GFU00837,2022-23,2023-08-13,Kerala,Kollam,Ministry of Jal Shakti,Jal Jeevan Mission,JJM,Centrally Sponsored (90:10),Gram Panchayat,747.32,695.1,,,492,295.0,1299,727.0,Ongoing,,Ashok Mishra - Scheme Nodal Officer - ashok.mishra@nic.in
GFU00077,2023-24,2025-03-19,Kerala,thiruvananthapuram,Ministry of Jal Shakti,Jal Jeevan Mission,JJM,Centrally Sponsored (90:10),District Panchayat / Zilla Parishad,47.28,39.63,0.0,0.0,86,0.0,4490,0.0,Not Started,No remarks recorded,Rakesh Rao - Scheme Nodal Officer - rakesh.rao@nic.in
GFU00721,2023-24,2024-01-02,Gujarat,Rajkot,Ministry of Rural Development,Mahatma Gandhi National Rural Employment Guarantee Scheme,MGNREGS,Centrally Sponsored (60:40),Gram Panchayat,571.58,364.52,247.44,67.88,87,85.0,3081,2953.0,Delayed,Beneficiary list under revision,Manoj Reddy - Scheme Nodal Officer - manoj.reddy@nic.in
GFU00369,2024-25,2021-06-18,Uttar Pradesh,Meerut,Ministry of Rural Development,Mahatma Gandhi National Rural Employment Guarantee Scheme,MGNREGS,Centrally Sponsored (60:40),Gram Panchayat,494.47,484.95,189.34,39.04,434,126.0,1364,363.0,Ongoing,Material procurement in progress,Kavita Nair - Assistant Engineer - kavita.nair@nic.in
GFU00213,2021-22,2022-04-20,Tamil Nadu,Coimbatore,Ministry of Rural Development,Mahatma Gandhi National Rural Employment Guarantee Scheme,MGNREGS,Centrally Sponsored (60:40),State Nodal Agency,20.72,20.06,19.57,97.56,197,195.0,3354,3000.0,Completed,Material procurement in progress,Meera Singh - Scheme Nodal Officer - meera.singh@nic.in
GFU00268,2022-23,2021-11-04,Tamil Nadu,Salem ,Ministry of Jal Shakti,Jal Jeevan Mission,JJM,Centrally Sponsored (90:10),State Nodal Agency,766.18,396.81,0.0,0.0,189,0.0,3240,0.0,Not Started,Delay due to - heavy monsoon rainfall,Rakesh Mishra - Assistant Engineer - rakesh.mishra@nic.in
GFU00312,2023-24,2025-01-01,Uttar Pradesh,Meerut,Ministry of Agriculture & Farmers Welfare,Pradhan Mantri Fasal Bima Yojana,PMFBY,Central Sector,State Nodal Agency,102.21,97.52,58.6,60.09,382,24.0,723,46.0,Delayed,,Ashok Nair - District Programme Coordinator - ashok.nair@nic.in
GFU00729,2022-23,2021-10-17,Gujarat,Rajkot,Ministry of Education,Samagra Shiksha Abhiyan,SS,Centrally Sponsored (60:40),Urban Local Body (ULB),76.22,46.16,0.0,0.0,411,0.0,1676,0.0,Not Started,,Manoj Kumar - Assistant Engineer - manoj.kumar@nic.in
GFU00445,2022-23,2023-03-14,Rajasthan,Ajmer,Ministry of Health & Family Welfare,National Health Mission,NHM,Centrally Sponsored (60:40),State Nodal Agency,256.93,247.73,236.89,95.62,458,456.0,985,985.0,Completed,No remarks recorded,Lakshmi Das - District Collector Office - lakshmi.das@nic.in
GFU00504,2024-25,2023-02-28,Gujarat, Rajkot,Ministry of Rural Development,Pradhan Mantri Awas Yojana - Gramin,PMAY-G,Centrally Sponsored (60:40),Gram Panchayat,241.83,222.15,116.63,52.5,108,84.0,4297,3359.0,Delayed,Delay due to - contractor mobilisation issue,Ashok Naik - District Programme Coordinator - ashok.naik@nic.in
GFU00496,2024-25,2023-07-07,Madhya Pradesh, Jabalpur,Ministry of Health & Family Welfare,Ayushman Bharat - Pradhan Mantri Jan Arogya Yojana,PMJAY,Centrally Sponsored (60:40),State Nodal Agency,458.62,249.02,229.95,92.34,362,360.0,2030,,Completed,Awaiting third-party audit clearance,Pooja Sharma - District Programme Coordinator - pooja.sharma@nic.in
GFU00034,2024-25,2024-06-13,Gujarat,Vadodara,Ministry of Jal Shakti,Swachh Bharat Mission - Gramin,SBM-G,Centrally Sponsored (60:40),District Panchayat / Zilla Parishad,268.44,245.83,236.84,96.34,78,57.0,1631,1087.0,Delayed,Utilization certificate submitted and verified,Sunita Patel - Block Development Officer - sunita.patel@nic.in
GFU00010,2024-25,2022-07-06,Bihar,Patna,Ministry of Agriculture & Farmers Welfare,PM Kisan Samman Nidhi,PMKISAN,Central Sector,Gram Panchayat,730.36,376.3,357.82,95.09,336,336.0,4376,4212.0,Completed,,Lakshmi Mishra - District Collector Office - lakshmi.mishra@nic.in
GFU00689,2023-24,2021-11-11,Kerala,Thiruvananthapuram,Ministry of Rural Development,Mahatma Gandhi National Rural Employment Guarantee Scheme,MGNREGS,Centrally Sponsored (60:40),Urban Local Body (ULB),326.42,216.11,125.45,58.05,196,29.0,2775,416.0,Ongoing,  No remarks recorded  ,Meera Verma - District Collector Office - meera.verma@nic.in
GFU00161,2024-25,2022-02-09,Kerala,Thrissur,Ministry of Education,PM Poshan (Mid-Day Meal Scheme),PMPOSHAN,Centrally Sponsored (60:40),State Nodal Agency,361.63,313.29,,,223,50.0,3938,847.0,Ongoing,Beneficiary list under revision,Deepa Patel - Scheme Nodal Officer - deepa.patel@nic.in
GFU00286,2024-25,2021-08-03,Gujarat,Surat,Ministry of Agriculture & Farmers Welfare,Pradhan Mantri Fasal Bima Yojana,PMFBY,Central Sector,State Nodal Agency,152.94,85.41,0.0,0.0,300,0.0,3911,0.0,Not Started,Material procurement in progress,Arvind Das - District Programme Coordinator - arvind.das@nic.in
GFU00296,2023-24,2022-04-04,Gujarat,bhavnagar,Ministry of Education,Samagra Shiksha Abhiyan,SS,Centrally Sponsored (60:40),Gram Panchayat,651.95,566.58,381.63,67.36,155,89.0,901,499.0,Delayed,  Material procurement in progress  ,Kavita Verma - Assistant Engineer - kavita.verma@nic.in
GFU00617,2023-24,2021-11-03,Gujarat,Rajkot,Ministry of Health & Family Welfare,National Health Mission,NHM,Centrally Sponsored (60:40),State Nodal Agency,514.44,479.61,430.9,89.84,269,268.0,3974,3976.0,Completed,Delay due to - heavy monsoon rainfall,Sanjay Sharma - District Collector Office - sanjay.sharma@nic.in
GFU00825,2021-22,2021-12-14,Kerala,kollam,Ministry of Health & Family Welfare,National Health Mission,NHM,Centrally Sponsored (60:40),District Panchayat / Zilla Parishad,133.79,100.01,98.22,98.21,89,88.0,4549,4435.0,Completed,,Arvind Verma - Scheme Nodal Officer - arvind.verma@nic.in
GFU00626,2024-25,2022-04-11,Bihar, Gaya,Ministry of Health & Family Welfare,Ayushman Bharat - Pradhan Mantri Jan Arogya Yojana,PMJAY,Centrally Sponsored (60:40),NGO / Partner Organisation,294.46,198.88,177.06,89.03,245,244.0,233,225.0,Completed,Beneficiary list under revision,Kavita Yadav - Block Development Officer - kavita.yadav@nic.in
GFU00278,2023-24,2023-01-08,Madhya Pradesh,Jabalpur ,Ministry of Agriculture & Farmers Welfare,PM Kisan Samman Nidhi,PMKISAN,Central Sector,District Panchayat / Zilla Parishad,646.98,366.29,0.0,0.0,256,0.0,4083,0.0,Not Started,Fund utilization certificate pending,Kavita Rao - Scheme Nodal Officer - kavita.rao@nic.in
GFU00905,2022-23,2021-11-05,Bihar,Darbhanga,Ministry of Health & Family Welfare,Ayushman Bharat - Pradhan Mantri Jan Arogya Yojana,PMJAY,Centrally Sponsored (60:40),State Nodal Agency,479.48,411.32,401.8,97.69,183,172.0,4124,3832.0,Ongoing,Awaiting third-party audit clearance,Sanjay Rao - Scheme Nodal Officer - sanjay.rao@nic.in
GFU00604,2024-25,2024-09-23,Gujarat,Surat,Ministry of Agriculture & Farmers Welfare,Pradhan Mantri Fasal Bima Yojana,PMFBY,Central Sector,District Panchayat / Zilla Parishad,59.61,52.09,48.58,93.26,275,274.0,4818,4504.0,Completed,Delay due to - contractor mobilisation issue,Deepa Kumar - Block Development Officer - deepa.kumar@nic.in
GFU00485,2024-25,2024-04-02,Bihar, Patna,Ministry of Education,PM Poshan (Mid-Day Meal Scheme),PMPOSHAN,Centrally Sponsored (60:40),NGO / Partner Organisation,570.38,371.87,355.83,95.69,473,188.0,4665,1707.0,Delayed,Delay due to - contractor mobilisation issue,Lakshmi Nair - Block Development Officer - lakshmi.nair@nic.in
GFU00497,2024-25,2022-12-30,Rajasthan, Jodhpur,Ministry of Jal Shakti,Jal Jeevan Mission,JJM,Centrally Sponsored (90:10),Urban Local Body (ULB),778.68,485.65,289.66,59.64,179,177.0,3909,3912.0,Delayed,Beneficiary list under revision,Sunita Singh - District Collector Office - sunita.singh@nic.in
GFU00183,2022-23,2024-12-04,Gujarat,Ahmedabad,Ministry of Jal Shakti,Jal Jeevan Mission,JJM,Centrally Sponsored (90:10),State Nodal Agency,754.49,378.35,371.91,98.3,265,263.0,1309,1309.0,Completed,  Delay due to - land acquisition dispute  ,Deepa Iyer - Scheme Nodal Officer - deepa.iyer@nic.in
GFU00828,2022-23,2024-03-10,West Bengal,Howrah,Ministry of Jal Shakti,Jal Jeevan Mission,JJM,Centrally Sponsored (90:10),NGO / Partner Organisation,346.8,207.24,202.87,97.89,370,47.0,908,106.0,Ongoing,No remarks recorded,Rakesh Verma - Assistant Engineer - rakesh.verma@nic.in
GFU00952,2023-24,2021-08-18,Uttar Pradesh,Kanpur,Ministry of Education,PM Poshan (Mid-Day Meal Scheme),PMPOSHAN,Centrally Sponsored (60:40),State Nodal Agency,489.09,293.84,267.7,91.1,499,497.0,4313,4080.0,Completed,  Delay due to - heavy monsoon rainfall  ,Sunita Sharma - Assistant Engineer - sunita.sharma@nic.in
GFU00685,2023-24,2023-08-31,Uttar Pradesh,Kanpur,Ministry of Education,Samagra Shiksha Abhiyan,SS,Centrally Sponsored (60:40),District Panchayat / Zilla Parishad,184.97,146.13,134.75,92.21,309,307.0,3085,3092.0,Completed,Awaiting third-party audit clearance,Sanjay Verma - Assistant Engineer - sanjay.verma@nic.in
GFU00745,2022-23,2023-02-04,Bihar,Muzaffarpur ,Ministry of Rural Development,Mahatma Gandhi National Rural Employment Guarantee Scheme,MGNREGS,Centrally Sponsored (60:40),Gram Panchayat,385.17,215.24,211.82,98.41,109,109.0,517,523.0,Completed,  No remarks recorded  ,Sunita Mishra - Assistant Engineer - sunita.mishra@nic.in
GFU00967,2023-24,2024-01-31,Maharashtra,Nashik,Ministry of Jal Shakti,Swachh Bharat Mission - Gramin,SBM-G,Centrally Sponsored (60:40),District Panchayat / Zilla Parishad,615.35,599.77,568.11,94.72,496,356.0,4785,3416.0,Ongoing,Beneficiary list under revision,Ganesh Iyer - District Collector Office - ganesh.iyer@nic.in
GFU00037,2021-22,2021-06-20,Uttar Pradesh,Meerut,Ministry of Rural Development,Pradhan Mantri Awas Yojana - Gramin,PMAY-G,Centrally Sponsored (60:40),Gram Panchayat,166.07,128.12,111.93,87.36,230,3.0,753,10.0,Ongoing,Awaiting third-party audit clearance,Sanjay Das - District Programme Coordinator - sanjay.das@nic.in
GFU00157,2023-24,2024-08-19,Kerala,Kozhikode,Ministry of Jal Shakti,Swachh Bharat Mission - Gramin,SBM-G,Centrally Sponsored (60:40),District Panchayat / Zilla Parishad,407.76,287.64,214.08,74.43,284,145.0,4994,2358.0,Delayed,Beneficiary list under revision,Lakshmi Kumar - Scheme Nodal Officer - lakshmi.kumar@nic.in
GFU00003,2022-23,2024-08-26,Gujarat,Ahmedabad ,Ministry of Agriculture & Farmers Welfare,PM Kisan Samman Nidhi,PMKISAN,Central Sector,Gram Panchayat,358.01,253.96,,,190,,1915,0.0,Not Started,Awaiting third-party audit clearance,Kavita Yadav - Assistant Engineer - kavita.yadav@nic.in
GFU00755,2023-24,2025-03-15,Madhya Pradesh,Bhopal,Ministry of Health & Family Welfare,National Health Mission,NHM,Centrally Sponsored (60:40),Gram Panchayat,153.69,116.9,0.0,0.0,285,0.0,2694,0.0,Not Started,  Delay due to - contractor mobilisation issue  ,Deepa Reddy - District Collector Office - deepa.reddy@nic.in
GFU00509,2022-23,2021-04-16,Kerala,Kochi,Ministry of Jal Shakti,Jal Jeevan Mission,JJM,Centrally Sponsored (90:10),Urban Local Body (ULB),759.4,615.3,209.27,34.01,123,17.0,4263,589.0,Delayed,Work completed as per schedule,Sunita Iyer - District Programme Coordinator - sunita.iyer@nic.in
GFU00498,2024-25,2023-10-21,Karnataka,Mysuru ,Ministry of Jal Shakti,Swachh Bharat Mission - Gramin,SBM-G,Centrally Sponsored (60:40),District Panchayat / Zilla Parishad,385.41,358.5,206.05,57.48,435,298.0,4670,2945.0,Delayed,Fund utilization certificate pending,Deepa Singh - Block Development Officer - deepa.singh@nic.in
GFU00309,2021-22,2023-01-26,West Bengal,Asansol,Ministry of Rural Development,Mahatma Gandhi National Rural Employment Guarantee Scheme,MGNREGS,Centrally Sponsored (60:40),State Nodal Agency,747.62,536.2,319.88,59.66,208,154.0,579,427.0,Delayed,Beneficiary list under revision,Lakshmi Naik - Block Development Officer - lakshmi.naik@nic.in
GFU00290,2021-22,2024-06-14,Bihar,patna,Ministry of Education,Samagra Shiksha Abhiyan,SS,Centrally Sponsored (60:40),District Panchayat / Zilla Parishad,430.02,349.07,285.48,81.78,377,334.0,4866,4482.0,Delayed,Work completed as per schedule,Deepa Kumar - Block Development Officer - deepa.kumar@nic.in
GFU00561,2024-25,2022-06-21,Maharashtra,Pune ,Ministry of Jal Shakti,Jal Jeevan Mission,JJM,Centrally Sponsored (90:10),State Nodal Agency,609.85,405.98,144.8,35.67,483,434.0,4146,3664.0,Ongoing,Work completed as per schedule,Ramesh Reddy - Assistant Engineer - ramesh.reddy@nic.in
GFU00415,2024-25,2023-08-25,Bihar,Muzaffarpur,Ministry of Agriculture & Farmers Welfare,Pradhan Mantri Fasal Bima Yojana,PMFBY,Central Sector,NGO / Partner Organisation,615.34,420.23,398.47,94.82,171,169.0,3155,2978.0,Completed,Delay due to - contractor mobilisation issue,Ganesh Rao - District Collector Office - ganesh.rao@nic.in
GFU00422,2021-22,2022-02-07,Gujarat,Surat,Ministry of Health & Family Welfare,National Health Mission,NHM,Centrally Sponsored (60:40),Urban Local Body (ULB),366.24,290.72,259.65,89.31,209,208.0,2751,2478.0,Completed,,Sunita Sharma - Block Development Officer - sunita.sharma@nic.in
GFU00142,2021-22,2025-03-21,Rajasthan, Udaipur,Ministry of Rural Development,Pradhan Mantri Awas Yojana - Gramin,PMAY-G,Centrally Sponsored (60:40),Urban Local Body (ULB),626.42,328.34,326.19,99.35,203,202.0,4096,3859.0,Completed,Utilization certificate submitted and verified,Vinod Reddy - Assistant Engineer - vinod.reddy@nic.in
GFU00224,2024-25,2023-11-06,Karnataka, Mangaluru,Ministry of Agriculture & Farmers Welfare,Pradhan Mantri Fasal Bima Yojana,PMFBY,Central Sector,Gram Panchayat,165.72,117.45,106.26,90.47,461,449.0,848,,Ongoing,Delay due to - heavy monsoon rainfall,Sanjay Naik - Block Development Officer - sanjay.naik@nic.in
GFU00865,2022-23,2023-05-23,Gujarat, Bhavnagar,Ministry of Agriculture & Farmers Welfare,PM Kisan Samman Nidhi,PMKISAN,Central Sector,Gram Panchayat,120.4,89.41,44.18,49.41,382,88.0,3523,787.0,Ongoing,Delay due to - contractor mobilisation issue,Arvind Naik - District Collector Office - arvind.naik@nic.in
GFU00184,2022-23,2021-08-06,Karnataka, Hubballi,Ministry of Education,PM Poshan (Mid-Day Meal Scheme),PMPOSHAN,Centrally Sponsored (60:40),Gram Panchayat,401.54,223.77,195.2,87.23,111,111.0,3282,2986.0,Completed,  Awaiting third-party audit clearance  ,Pooja Chatterjee - Block Development Officer - pooja.chatterjee@nic.in
GFU00844,2023-24,2023-11-27,Madhya Pradesh,Jabalpur ,Ministry of Education,PM Poshan (Mid-Day Meal Scheme),PMPOSHAN,Centrally Sponsored (60:40),District Panchayat / Zilla Parishad,210.23,187.96,,,482,0.0,4895,0.0,Not Started,  No remarks recorded  ,Meera Patel - Assistant Engineer - meera.patel@nic.in
GFU00938,2022-23,2021-06-10,Gujarat,Bhavnagar,Ministry of Jal Shakti,Swachh Bharat Mission - Gramin,SBM-G,Centrally Sponsored (60:40),District Panchayat / Zilla Parishad,249.04,146.1,0.0,0.0,324,0.0,1289,,Not Started,Delay due to - heavy monsoon rainfall,Ramesh Nair - Scheme Nodal Officer - ramesh.nair@nic.in
GFU00921,2021-22,2024-11-20,Maharashtra,Nagpur ,Ministry of Agriculture & Farmers Welfare,Pradhan Mantri Fasal Bima Yojana,PMFBY,Central Sector,Urban Local Body (ULB),372.79,257.26,220.35,85.65,104,102.0,4617,4618.0,Completed,No remarks recorded,Sunita Reddy - Block Development Officer - sunita.reddy@nic.in
GFU00673,2023-24,2024-12-23,Madhya Pradesh,Jabalpur,Ministry of Education,PM Poshan (Mid-Day Meal Scheme),PMPOSHAN,Centrally Sponsored (60:40),Urban Local Body (ULB),634.39,486.95,355.61,73.03,169,161.0,4149,3583.0,Ongoing,Delay due to - land acquisition dispute,Pooja Iyer - Block Development Officer - pooja.iyer@nic.in
GFU00849,2022-23,2024-10-04,Uttar Pradesh,Varanasi,Ministry of Agriculture & Farmers Welfare,PM Kisan Samman Nidhi,PMKISAN,Central Sector,Gram Panchayat,460.44,254.71,224.82,88.27,55,53.0,3961,3768.0,Completed,Delay due to - land acquisition dispute,Vinod Iyer - Block Development Officer - vinod.iyer@nic.in
GFU00512,2023-24,2022-07-11,Uttar Pradesh,Varanasi,Ministry of Jal Shakti,Jal Jeevan Mission,JJM,Centrally Sponsored (90:10),State Nodal Agency,402.15,217.28,,,372,228.0,370,208.0,Ongoing,Work completed as per schedule,Ashok Singh - Scheme Nodal Officer - ashok.singh@nic.in
GFU00913,2022-23,2022-07-15,Karnataka,Mysuru,Ministry of Education,Samagra Shiksha Abhiyan,SS,Centrally Sponsored (60:40),Urban Local Body (ULB),252.18,168.64,128.41,76.14,303,8.0,703,19.0,Delayed,Delay due to - heavy monsoon rainfall,Pooja Nair - District Collector Office - pooja.nair@nic.in
GFU00732,2021-22,2022-08-12,Tamil Nadu,Madurai,Ministry of Health & Family Welfare,National Health Mission,NHM,Centrally Sponsored (60:40),Gram Panchayat,633.83,543.19,0.0,0.0,126,0.0,1456,0.0,Not Started,Utilization certificate submitted and verified,Pooja Mishra - Block Development Officer - pooja.mishra@nic.in
GFU00612,2023-24,2022-12-03,Gujarat, Bhavnagar,Ministry of Rural Development,Mahatma Gandhi National Rural Employment Guarantee Scheme,MGNREGS,Centrally Sponsored (60:40),Urban Local Body (ULB),67.31,38.56,0.0,0.0,365,0.0,1623,0.0,Not Started,Beneficiary list under revision,Meera Nair - District Collector Office - meera.nair@nic.in
GFU00893,2022-23,2021-10-12,Rajasthan,Kota,Ministry of Jal Shakti,Swachh Bharat Mission - Gramin,SBM-G,Centrally Sponsored (60:40),State Nodal Agency,543.23,362.5,322.43,88.95,252,252.0,4972,4819.0,Completed,  Delay due to - contractor mobilisation issue  ,Arvind Iyer - District Collector Office - arvind.iyer@nic.in
GFU00748,2023-24,2021-11-28,Maharashtra,Nagpur,Ministry of Rural Development,Pradhan Mantri Awas Yojana - Gramin,PMAY-G,Centrally Sponsored (60:40),Gram Panchayat,606.74,406.58,0.0,0.0,434,0.0,3437,0.0,Not Started,,Vinod Iyer - Scheme Nodal Officer - vinod.iyer@nic.in
GFU00942,2024-25,2024-02-29,Bihar,muzaffarpur,Ministry of Health & Family Welfare,National Health Mission,NHM,Centrally Sponsored (60:40),Gram Panchayat,666.32,417.37,,,470,0.0,1238,0.0,Not Started,Utilization certificate submitted and verified,Lakshmi Kumar - Scheme Nodal Officer - lakshmi.kumar@nic.in
GFU00118,2023-24,2023-09-04,Bihar,Patna,Ministry of Jal Shakti,Swachh Bharat Mission - Gramin,SBM-G,Centrally Sponsored (60:40),Gram Panchayat,587.39,325.13,297.41,91.47,231,230.0,1181,1095.0,Completed,Awaiting third-party audit clearance,Rakesh Singh - Scheme Nodal Officer - rakesh.singh@nic.in
GFU00854,2022-23,2023-02-28,Karnataka,Mysuru,Ministry of Rural Development,Pradhan Mantri Gram Sadak Yojana,PMGSY,Centrally Sponsored (60:40),State Nodal Agency,789.05,703.26,525.68,74.75,279,88.0,3065,,Ongoing,Awaiting third-party audit clearance,Anjali Chatterjee - Assistant Engineer - anjali.chatterjee@nic.in
GFU00002,2024-25,2022-08-08,Maharashtra,nashik,Ministry of Health & Family Welfare,National Health Mission,NHM,Centrally Sponsored (60:40),Gram Panchayat,605.32,505.14,316.94,62.74,379,349.0,3038,2674.0,Ongoing,Fund utilization certificate pending,Pooja Chatterjee - District Programme Coordinator - pooja.chatterjee@nic.in
GFU00114,2021-22,2024-09-06,Gujarat, Vadodara,Ministry of Rural Development,Mahatma Gandhi National Rural Employment Guarantee Scheme,MGNREGS,Centrally Sponsored (60:40),Urban Local Body (ULB),124.67,123.43,0.0,0.0,35,0.0,2122,0.0,Not Started,Delay due to - heavy monsoon rainfall,Ganesh Yadav - District Collector Office - ganesh.yadav@nic.in
GFU00955,2023-24,2024-05-15,West Bengal,Siliguri,Ministry of Rural Development,Pradhan Mantri Gram Sadak Yojana,PMGSY,Centrally Sponsored (60:40),Gram Panchayat,74.61,47.43,37.74,79.57,204,139.0,1807,1228.0,Ongoing,Beneficiary list under revision,Deepa Rao - Scheme Nodal Officer - deepa.rao@nic.in
GFU00687,2024-25,2023-05-16,Gujarat,Vadodara,Ministry of Education,Samagra Shiksha Abhiyan,SS,Centrally Sponsored (60:40),District Panchayat / Zilla Parishad,270.75,262.85,0.0,0.0,393,0.0,2582,0.0,Not Started,Material procurement in progress,Ganesh Verma - District Programme Coordinator - ganesh.verma@nic.in
GFU00766,2023-24,2022-11-26,Bihar,Darbhanga,Ministry of Agriculture & Farmers Welfare,PM Kisan Samman Nidhi,PMKISAN,Central Sector,District Panchayat / Zilla Parishad,54.07,29.65,29.62,99.9,120,120.0,2766,2754.0,Completed,  Fund utilization certificate pending  ,Lakshmi Rao - District Programme Coordinator - lakshmi.rao@nic.in
GFU00166,2024-25,2021-07-08,Bihar,Bhagalpur,Ministry of Jal Shakti,Swachh Bharat Mission - Gramin,SBM-G,Centrally Sponsored (60:40),District Panchayat / Zilla Parishad,609.88,514.33,230.29,44.77,34,4.0,4405,495.0,Ongoing,  Delay due to - heavy monsoon rainfall  ,Sunita Singh - Block Development Officer - sunita.singh@nic.in
GFU00185,2024-25,2024-01-13,West Bengal,Asansol,Ministry of Education,Samagra Shiksha Abhiyan,SS,Centrally Sponsored (60:40),NGO / Partner Organisation,322.64,314.2,205.36,65.36,55,31.0,2552,1429.0,Ongoing,Material procurement in progress,Vinod Yadav - Scheme Nodal Officer - vinod.yadav@nic.in
GFU00678,2022-23,2024-06-27,Bihar,Bhagalpur,Ministry of Rural Development,Pradhan Mantri Gram Sadak Yojana,PMGSY,Centrally Sponsored (60:40),Gram Panchayat,631.4,369.29,325.55,88.16,343,341.0,2357,2290.0,Completed,Awaiting third-party audit clearance,Sanjay Iyer - District Collector Office - sanjay.iyer@nic.in
GFU00373,2021-22,2022-04-07,West Bengal,Asansol,Ministry of Rural Development,Mahatma Gandhi National Rural Employment Guarantee Scheme,MGNREGS,Centrally Sponsored (60:40),District Panchayat / Zilla Parishad,388.19,262.99,120.85,45.95,264,249.0,1688,1467.0,Ongoing,Fund utilization certificate pending,Rakesh Chatterjee - Block Development Officer - rakesh.chatterjee@nic.in
GFU00275,2023-24,2024-02-28,Rajasthan,Ajmer,Ministry of Health & Family Welfare,National Health Mission,NHM,Centrally Sponsored (60:40),Urban Local Body (ULB),149.5,84.09,81.3,96.68,494,492.0,3613,3614.0,Completed,  Delay due to - land acquisition dispute  ,Manoj Kumar - Scheme Nodal Officer - manoj.kumar@nic.in
GFU00705,2022-23,2024-04-04,Tamil Nadu,Madurai,Ministry of Jal Shakti,Jal Jeevan Mission,JJM,Centrally Sponsored (90:10),NGO / Partner Organisation,795.06,705.86,632.42,89.6,403,402.0,3704,3712.0,Completed,Material procurement in progress,Vinod Chatterjee - Scheme Nodal Officer - vinod.chatterjee@nic.in
GFU00001,2023-24,2024-07-23,Rajasthan,Kota,Ministry of Rural Development,Pradhan Mantri Awas Yojana - Gramin,PMAY-G,Centrally Sponsored (60:40),District Panchayat / Zilla Parishad,76.2,48.33,31.41,64.99,73,48.0,441,277.0,Ongoing,Awaiting third-party audit clearance,Pooja Chatterjee - District Collector Office - pooja.chatterjee@nic.in
GFU00567,2021-22,2023-09-18,Madhya Pradesh,Gwalior ,Ministry of Agriculture & Farmers Welfare,PM Kisan Samman Nidhi,PMKISAN,Central Sector,NGO / Partner Organisation,81.98,57.57,52.91,91.91,355,353.0,2914,2910.0,Completed,Fund utilization certificate pending,Rakesh Iyer - Block Development Officer - rakesh.iyer@nic.in
GFU00888,2022-23,2023-11-08,West Bengal,howrah,Ministry of Agriculture & Farmers Welfare,PM Kisan Samman Nidhi,PMKISAN,Central Sector,District Panchayat / Zilla Parishad,133.97,73.77,71.1,96.38,429,429.0,1918,1930.0,Completed,No remarks recorded,Rakesh Das - Block Development Officer - rakesh.das@nic.in
GFU00541,2023-24,2021-09-25,Tamil Nadu,Chennai,Ministry of Jal Shakti,Jal Jeevan Mission,JJM,Centrally Sponsored (90:10),Gram Panchayat,786.31,738.98,541.49,73.28,181,139.0,2774,2171.0,Ongoing,  Awaiting third-party audit clearance  ,Rakesh Mishra - District Collector Office - rakesh.mishra@nic.in
GFU00501,2022-23,2023-11-16,Rajasthan,Jodhpur ,Ministry of Rural Development,Pradhan Mantri Awas Yojana - Gramin,PMAY-G,Centrally Sponsored (60:40),Gram Panchayat,701.93,653.03,0.0,0.0,262,0.0,753,0.0,Not Started,Material procurement in progress,Kavita Reddy - District Programme Coordinator - kavita.reddy@nic.in
GFU00719,2023-24,2023-08-24,Maharashtra,Nashik,Ministry of Education,PM Poshan (Mid-Day Meal Scheme),PMPOSHAN,Centrally Sponsored (60:40),Gram Panchayat,212.37,131.56,118.59,90.14,434,433.0,4155,3935.0,Completed,No remarks recorded,Sunita Naik - District Collector Office - sunita.naik@nic.in
GFU00384,2023-24,2021-05-20,Karnataka,belagavi,Ministry of Rural Development,Pradhan Mantri Gram Sadak Yojana,PMGSY,Centrally Sponsored (60:40),Gram Panchayat,100.16,72.46,68.95,95.16,285,3.0,2847,27.0,Ongoing,  No remarks recorded  ,Meera Singh - District Collector Office - meera.singh@nic.in
GFU00406,2023-24,2024-11-23,Madhya Pradesh,Gwalior ,Ministry of Jal Shakti,Swachh Bharat Mission - Gramin,SBM-G,Centrally Sponsored (60:40),State Nodal Agency,182.37,163.71,84.79,51.79,233,210.0,137,115.0,Ongoing,  Work completed as per schedule  ,Rakesh Naik - Block Development Officer - rakesh.naik@nic.in
GFU00562,2024-25,2021-10-21,West Bengal,Siliguri,Ministry of Agriculture & Farmers Welfare,PM Kisan Samman Nidhi,PMKISAN,Central Sector,District Panchayat / Zilla Parishad,684.77,567.79,484.61,85.35,489,487.0,1584,1603.0,Completed,,Ganesh Kumar - Scheme Nodal Officer - ganesh.kumar@nic.in
GFU00863,2023-24,2022-07-24,Maharashtra,Nashik,Ministry of Health & Family Welfare,Ayushman Bharat - Pradhan Mantri Jan Arogya Yojana,PMJAY,Centrally Sponsored (60:40),District Panchayat / Zilla Parishad,693.43,607.39,358.49,59.02,114,31.0,2941,740.0,Ongoing,Work completed as per schedule,Sunita Sharma - Block Development Officer - sunita.sharma@nic.in
GFU00021,2022-23,2024-08-13,Karnataka,Bengaluru ,Ministry of Agriculture & Farmers Welfare,Pradhan Mantri Fasal Bima Yojana,PMFBY,Central Sector,Gram Panchayat,23.96,17.7,8.6,48.59,81,57.0,4064,2989.0,Ongoing,  Delay due to - contractor mobilisation issue  ,Anjali Verma - District Collector Office - anjali.verma@nic.in
GFU00806,2023-24,2024-12-25,Gujarat,Bhavnagar,Ministry of Rural Development,Pradhan Mantri Awas Yojana - Gramin,PMAY-G,Centrally Sponsored (60:40),NGO / Partner Organisation,601.32,306.7,116.11,37.86,404,276.0,4915,3354.0,Delayed,Fund utilization certificate pending,Sanjay Nair - District Programme Coordinator - sanjay.nair@nic.in
GFU00177,2024-25,2021-09-05,Gujarat,Surat,Ministry of Education,Samagra Shiksha Abhiyan,SS,Centrally Sponsored (60:40),Gram Panchayat,530.04,463.95,,,265,32.0,1552,177.0,Ongoing,Delay due to - contractor mobilisation issue,Meera Iyer - Scheme Nodal Officer - meera.iyer@nic.in
GFU00336,2023-24,2021-06-08,Rajasthan,Jaipur,Ministry of Health & Family Welfare,National Health Mission,NHM,Centrally Sponsored (60:40),District Panchayat / Zilla Parishad,383.59,244.4,240.56,98.43,90,88.0,4671,4403.0,Completed,Utilization certificate submitted and verified,Rakesh Singh - Block Development Officer - rakesh.singh@nic.in
GFU00380,2021-22,2022-04-30,Uttar Pradesh,Kanpur,Ministry of Rural Development,Pradhan Mantri Awas Yojana - Gramin,PMAY-G,Centrally Sponsored (60:40),Urban Local Body (ULB),613.59,560.79,427.94,76.31,283,136.0,4218,1828.0,Delayed,  Delay due to - land acquisition dispute  ,Manoj Nair - Block Development Officer - manoj.nair@nic.in
GFU00546,2024-25,2021-08-16,Uttar Pradesh,Kanpur,Ministry of Agriculture & Farmers Welfare,PM Kisan Samman Nidhi,PMKISAN,Central Sector,Urban Local Body (ULB),91.18,71.97,51.03,70.9,211,69.0,2442,743.0,Ongoing,Awaiting third-party audit clearance,Sunita Patel - District Collector Office - sunita.patel@nic.in
GFU00172,2021-22,2023-11-08,Karnataka,Mangaluru,Ministry of Rural Development,Pradhan Mantri Gram Sadak Yojana,PMGSY,Centrally Sponsored (60:40),NGO / Partner Organisation,395.85,307.21,281.83,91.74,244,244.0,1174,1189.0,Completed,,Ramesh Iyer - Block Development Officer - ramesh.iyer@nic.in
GFU00520,2023-24,2023-05-31,Uttar Pradesh,varanasi,Ministry of Jal Shakti,Jal Jeevan Mission,JJM,Centrally Sponsored (90:10),Gram Panchayat,405.3,294.51,187.97,63.82,175,0.0,4762,0.0,Ongoing,No remarks recorded,Sunita Singh - District Programme Coordinator - sunita.singh@nic.in
GFU00831,2021-22,2021-05-02,Tamil Nadu,Chennai,Ministry of Agriculture & Farmers Welfare,Pradhan Mantri Fasal Bima Yojana,PMFBY,Central Sector,Gram Panchayat,622.21,427.0,376.36,88.14,155,135.0,4595,3938.0,Delayed,  Delay due to - heavy monsoon rainfall  ,Sunita Singh - District Programme Coordinator - sunita.singh@nic.in
GFU00508,2024-25,2022-05-30,Karnataka,Belagavi,Ministry of Agriculture & Farmers Welfare,Pradhan Mantri Fasal Bima Yojana,PMFBY,Central Sector,District Panchayat / Zilla Parishad,488.2,316.64,281.55,88.92,113,53.0,990,425.0,Delayed,Beneficiary list under revision,Rakesh Yadav - District Collector Office - rakesh.yadav@nic.in
GFU00153,2023-24,2022-11-11,Karnataka,Hubballi,Ministry of Health & Family Welfare,National Health Mission,NHM,Centrally Sponsored (60:40),Gram Panchayat,650.13,370.15,144.04,38.91,316,67.0,3415,716.0,Delayed,Material procurement in progress,Lakshmi Reddy - Assistant Engineer - lakshmi.reddy@nic.in
GFU00619,2024-25,2024-12-24,Maharashtra,Kolhapur,Ministry of Agriculture & Farmers Welfare,Pradhan Mantri Fasal Bima Yojana,PMFBY,Central Sector,District Panchayat / Zilla Parishad,491.15,358.28,269.7,75.28,320,0.0,914,0.0,Ongoing,Awaiting third-party audit clearance,Meera Chatterjee - Block Development Officer - meera.chatterjee@nic.in
GFU00414,2024-25,2024-01-03,Maharashtra,Pune,Ministry of Health & Family Welfare,Ayushman Bharat - Pradhan Mantri Jan Arogya Yojana,PMJAY,Centrally Sponsored (60:40),District Panchayat / Zilla Parishad,349.75,224.71,117.94,52.49,404,272.0,1078,740.0,Ongoing,Utilization certificate submitted and verified,Ashok Das - Scheme Nodal Officer - ashok.das@nic.in
GFU00610,2023-24,2022-05-16,Karnataka,Mysuru,Ministry of Agriculture & Farmers Welfare,Pradhan Mantri Fasal Bima Yojana,PMFBY,Central Sector,Gram Panchayat,688.38,593.37,206.97,34.88,221,145.0,3366,2093.0,Delayed,Material procurement in progress,Arvind Singh - Assistant Engineer - arvind.singh@nic.in
GFU00623,2022-23,2021-09-11,Gujarat,Ahmedabad,Ministry of Education,PM Poshan (Mid-Day Meal Scheme),PMPOSHAN,Centrally Sponsored (60:40),NGO / Partner Organisation,291.77,285.86,102.11,35.72,398,271.0,3662,2442.0,Ongoing,Delay due to - land acquisition dispute,Ganesh Mishra - Block Development Officer - ganesh.mishra@nic.in
GFU00873,2023-24,2021-12-23,Uttar Pradesh,Varanasi,Ministry of Rural Development,Pradhan Mantri Awas Yojana - Gramin,PMAY-G,Centrally Sponsored (60:40),Gram Panchayat,393.8,339.17,276.91,81.64,374,207.0,1726,932.0,Delayed,Utilization certificate submitted and verified,Sanjay Naik - District Programme Coordinator - sanjay.naik@nic.in
GFU00582,2023-24,2022-01-12,Uttar Pradesh,kanpur,Ministry of Agriculture & Farmers Welfare,PM Kisan Samman Nidhi,PMKISAN,Central Sector,District Panchayat / Zilla Parishad,93.36,55.33,16.79,30.35,245,185.0,4362,3310.0,Ongoing,Delay due to - heavy monsoon rainfall,Kavita Yadav - District Collector Office - kavita.yadav@nic.in
GFU00859,2021-22,2021-06-14,Rajasthan,Kota,Ministry of Rural Development,Pradhan Mantri Awas Yojana - Gramin,PMAY-G,Centrally Sponsored (60:40),District Panchayat / Zilla Parishad,198.11,192.15,163.96,85.33,102,34.0,1883,637.0,Delayed,Delay due to - heavy monsoon rainfall,Rakesh Sharma - Scheme Nodal Officer - rakesh.sharma@nic.in
GFU00948,2022-23,2023-03-27,Madhya Pradesh,Gwalior,Ministry of Jal Shakti,Swachh Bharat Mission - Gramin,SBM-G,Centrally Sponsored (60:40),District Panchayat / Zilla Parishad,108.32,74.92,68.46,91.38,268,233.0,3783,3426.0,Ongoing,No remarks recorded,Vinod Singh - Block Development Officer - vinod.singh@nic.in
GFU00642,2021-22,2021-04-25,Kerala,Thrissur ,Ministry of Agriculture & Farmers Welfare,Pradhan Mantri Fasal Bima Yojana,PMFBY,Central Sector,Gram Panchayat,531.14,289.35,263.99,91.24,352,352.0,2265,2174.0,Completed,Fund utilization certificate pending,Arvind Verma - District Collector Office - arvind.verma@nic.in
GFU00317,2023-24,2025-03-27,Gujarat,Bhavnagar,Ministry of Agriculture & Farmers Welfare,PM Kisan Samman Nidhi,PMKISAN,Central Sector,Gram Panchayat,281.87,180.35,170.78,94.69,370,291.0,324,259.0,Ongoing,  Awaiting third-party audit clearance  ,Pooja Nair - Assistant Engineer - pooja.nair@nic.in
GFU00960,2023-24,2021-12-25,Kerala, Thrissur,Ministry of Agriculture & Farmers Welfare,Pradhan Mantri Fasal Bima Yojana,PMFBY,Central Sector,Urban Local Body (ULB),494.51,376.75,356.36,94.59,45,,798,733.0,Completed,Material procurement in progress,Ramesh Mishra - District Collector Office - ramesh.mishra@nic.in
GFU00259,2024-25,2024-07-01,Rajasthan,Kota ,Ministry of Rural Development,Pradhan Mantri Awas Yojana - Gramin,PMAY-G,Centrally Sponsored (60:40),Urban Local Body (ULB),320.37,281.62,189.69,67.36,208,4.0,3781,70.0,Ongoing,Material procurement in progress,Lakshmi Yadav - Scheme Nodal Officer - lakshmi.yadav@nic.in
GFU00835,2023-24,2023-03-17,Karnataka, Hubballi,Ministry of Health & Family Welfare,National Health Mission,NHM,Centrally Sponsored (60:40),State Nodal Agency,20.86,10.97,6.81,62.08,448,301.0,4502,3089.0,Ongoing,Utilization certificate submitted and verified,Ashok Nair - Scheme Nodal Officer - ashok.nair@nic.in
GFU00663,2024-25,2024-01-09,Uttar Pradesh,Kanpur,Ministry of Health & Family Welfare,Ayushman Bharat - Pradhan Mantri Jan Arogya Yojana,PMJAY,Centrally Sponsored (60:40),Gram Panchayat,31.84,31.67,28.83,91.03,49,49.0,2645,2604.0,Completed,Utilization certificate submitted and verified,Arvind Verma - Assistant Engineer - arvind.verma@nic.in
GFU00475,2024-25,2022-03-17,Madhya Pradesh,ujjain,Ministry of Education,PM Poshan (Mid-Day Meal Scheme),PMPOSHAN,Centrally Sponsored (60:40),Gram Panchayat,612.53,571.89,539.32,94.3,438,109.0,2335,583.0,Ongoing,Delay due to - contractor mobilisation issue,Manoj Mishra - Assistant Engineer - manoj.mishra@nic.in
GFU00338,2023-24,2024-02-21,Gujarat,Ahmedabad,Ministry of Rural Development,Pradhan Mantri Gram Sadak Yojana,PMGSY,Centrally Sponsored (60:40),Urban Local Body (ULB),279.47,271.99,0.0,0.0,404,0.0,613,0.0,Not Started,  Utilization certificate submitted and verified  ,Anjali Das - District Collector Office - anjali.das@nic.in
GFU00539,2021-22,2025-03-23,Maharashtra,aurangabad,Ministry of Health & Family Welfare,National Health Mission,NHM,Centrally Sponsored (60:40),State Nodal Agency,611.0,352.89,313.05,88.71,426,426.0,1639,1653.0,Completed,Work completed as per schedule,Vinod Kumar - District Programme Coordinator - vinod.kumar@nic.in
GFU00505,2021-22,2024-11-29,Uttar Pradesh,Varanasi,Ministry of Health & Family Welfare,Ayushman Bharat - Pradhan Mantri Jan Arogya Yojana,PMJAY,Centrally Sponsored (60:40),State Nodal Agency,380.94,240.38,83.42,34.7,158,51.0,3792,1125.0,Delayed,No remarks recorded,Pooja Naik - Scheme Nodal Officer - pooja.naik@nic.in
GFU00399,2024-25,2024-09-21,Uttar Pradesh,Agra,Ministry of Health & Family Welfare,National Health Mission,NHM,Centrally Sponsored (60:40),District Panchayat / Zilla Parishad,121.2,91.26,63.99,70.12,206,124.0,4604,,Ongoing,Delay due to - land acquisition dispute,Pooja Kumar - District Programme Coordinator - pooja.kumar@nic.in
GFU00424,2022-23,2022-10-12,Bihar,Gaya,Ministry of Rural Development,Pradhan Mantri Gram Sadak Yojana,PMGSY,Centrally Sponsored (60:40),State Nodal Agency,335.12,297.92,296.68,99.58,310,310.0,407,388.0,Completed,No remarks recorded,Kavita Das - District Programme Coordinator - kavita.das@nic.in
GFU00606,2023-24,2021-04-20,Gujarat,Surat,Ministry of Agriculture & Farmers Welfare,PM Kisan Samman Nidhi,PMKISAN,Central Sector,District Panchayat / Zilla Parishad,524.97,477.67,180.71,37.83,229,179.0,1959,1595.0,Delayed,Work completed as per schedule,Ramesh Mishra - Assistant Engineer - ramesh.mishra@nic.in
GFU00941,2022-23,2023-06-30,Madhya Pradesh,gwalior,Ministry of Education,PM Poshan (Mid-Day Meal Scheme),PMPOSHAN,Centrally Sponsored (60:40),Gram Panchayat,64.89,58.9,,,288,127.0,4972,2136.0,Ongoing,Awaiting third-party audit clearance,Kavita Rao - Block Development Officer - kavita.rao@nic.in
GFU00661,2022-23,2021-11-15,Maharashtra,Nashik ,Ministry of Agriculture & Farmers Welfare,PM Kisan Samman Nidhi,PMKISAN,Central Sector,Urban Local Body (ULB),444.37,366.88,348.87,95.09,265,263.0,3225,3140.0,Completed,Delay due to - heavy monsoon rainfall,Meera Rao - Scheme Nodal Officer - meera.rao@nic.in
GFU00481,2021-22,2021-11-30,Tamil Nadu, Chennai,Ministry of Health & Family Welfare,National Health Mission,NHM,Centrally Sponsored (60:40),Gram Panchayat,240.49,198.32,0.0,0.0,169,0.0,2768,0.0,Not Started,Beneficiary list under revision,Lakshmi Reddy - District Collector Office - lakshmi.reddy@nic.in
GFU00423,2022-23,2021-04-16,Kerala, Kozhikode,Ministry of Rural Development,Mahatma Gandhi National Rural Employment Guarantee Scheme,MGNREGS,Centrally Sponsored (60:40),District Panchayat / Zilla Parishad,321.96,280.4,0.0,0.0,468,0.0,4405,0.0,Not Started,Delay due to - heavy monsoon rainfall,Deepa Das - Block Development Officer - deepa.das@nic.in
GFU00120,2024-25,2023-04-20,Maharashtra,Aurangabad,Ministry of Rural Development,Mahatma Gandhi National Rural Employment Guarantee Scheme,MGNREGS,Centrally Sponsored (60:40),District Panchayat / Zilla Parishad,210.58,150.15,112.72,75.07,254,31.0,603,71.0,Ongoing,,Lakshmi Nair - Block Development Officer - lakshmi.nair@nic.in
GFU00918,2024-25,2023-08-03,Karnataka,Belagavi,Ministry of Rural Development,Pradhan Mantri Awas Yojana - Gramin,PMAY-G,Centrally Sponsored (60:40),NGO / Partner Organisation,734.85,695.67,0.0,0.0,307,0.0,50,0.0,Not Started,  Delay due to - heavy monsoon rainfall  ,Lakshmi Patel - Scheme Nodal Officer - lakshmi.patel@nic.in
GFU00651,2024-25,2023-06-21,Kerala,Kollam,Ministry of Health & Family Welfare,Ayushman Bharat - Pradhan Mantri Jan Arogya Yojana,PMJAY,Centrally Sponsored (60:40),Gram Panchayat,414.33,283.1,195.14,68.93,68,57.0,3197,2734.0,Delayed,  Material procurement in progress  ,Ashok Rao - Block Development Officer - ashok.rao@nic.in
GFU00682,2024-25,2021-09-19,West Bengal,Durgapur,Ministry of Education,PM Poshan (Mid-Day Meal Scheme),PMPOSHAN,Centrally Sponsored (60:40),Gram Panchayat,350.21,315.09,,,17,15.0,3223,2627.0,Ongoing,Delay due to - heavy monsoon rainfall,Kavita Chatterjee - Scheme Nodal Officer - kavita.chatterjee@nic.in
GFU00876,2024-25,2021-11-01,Madhya Pradesh,Indore,Ministry of Agriculture & Farmers Welfare,PM Kisan Samman Nidhi,PMKISAN,Central Sector,Gram Panchayat,704.53,567.5,519.95,91.62,268,268.0,2405,2285.0,Completed,Awaiting third-party audit clearance,Pooja Kumar - District Collector Office - pooja.kumar@nic.in
GFU00715,2023-24,2024-10-01,West Bengal, Asansol,Ministry of Education,Samagra Shiksha Abhiyan,SS,Centrally Sponsored (60:40),Urban Local Body (ULB),279.26,202.38,183.22,90.53,198,181.0,4134,3863.0,Ongoing,Delay due to - land acquisition dispute,Kavita Naik - Assistant Engineer - kavita.naik@nic.in
GFU00660,2021-22,2024-08-02,Uttar Pradesh,Lucknow,Ministry of Education,Samagra Shiksha Abhiyan,SS,Centrally Sponsored (60:40),NGO / Partner Organisation,216.56,164.9,,,267,186.0,2081,1475.0,Ongoing,  Utilization certificate submitted and verified  ,Ganesh Kumar - Assistant Engineer - ganesh.kumar@nic.in
GFU00790,2023-24,2021-09-28,West Bengal,Durgapur,Ministry of Rural Development,Mahatma Gandhi National Rural Employment Guarantee Scheme,MGNREGS,Centrally Sponsored (60:40),State Nodal Agency,371.1,297.38,257.64,86.64,446,444.0,1832,1666.0,Completed,Delay due to - contractor mobilisation issue,Lakshmi Chatterjee - Scheme Nodal Officer - lakshmi.chatterjee@nic.in
GFU00257,2023-24,2023-12-14,Kerala,Kozhikode,Ministry of Jal Shakti,Swachh Bharat Mission - Gramin,SBM-G,Centrally Sponsored (60:40),District Panchayat / Zilla Parishad,732.22,381.81,328.31,85.99,272,129.0,578,284.0,Ongoing,Utilization certificate submitted and verified,Meera Mishra - Block Development Officer - meera.mishra@nic.in
GFU00969,2022-23,2021-11-08,West Bengal,Kolkata,Ministry of Education,PM Poshan (Mid-Day Meal Scheme),PMPOSHAN,Centrally Sponsored (60:40),Urban Local Body (ULB),627.4,395.74,353.36,89.29,30,6.0,4930,1028.0,Delayed,Delay due to - land acquisition dispute,Rakesh Mishra - District Programme Coordinator - rakesh.mishra@nic.in
GFU00953,2024-25,2024-03-16,West Bengal,howrah,Ministry of Rural Development,Mahatma Gandhi National Rural Employment Guarantee Scheme,MGNREGS,Centrally Sponsored (60:40),District Panchayat / Zilla Parishad,659.75,376.66,229.89,61.03,470,,4567,1490.0,Delayed,Fund utilization certificate pending,Ramesh Yadav - District Collector Office - ramesh.yadav@nic.in
GFU00644,2023-24,2025-03-07,Madhya Pradesh,Bhopal,Ministry of Jal Shakti,Jal Jeevan Mission,JJM,Centrally Sponsored (90:10),Gram Panchayat,602.37,567.26,505.77,89.16,7,7.0,4774,4380.0,Completed,  Delay due to - land acquisition dispute  ,Manoj Iyer - Block Development Officer - manoj.iyer@nic.in
GFU00250,2022-23,2023-03-10,Uttar Pradesh,Varanasi,Ministry of Rural Development,Pradhan Mantri Awas Yojana - Gramin,PMAY-G,Centrally Sponsored (60:40),Gram Panchayat,260.4,257.92,178.83,69.34,308,279.0,4775,4257.0,Ongoing,  Fund utilization certificate pending  ,Ganesh Verma - Scheme Nodal Officer - ganesh.verma@nic.in
GFU00665,2023-24,2023-10-10,Kerala,Thrissur,Ministry of Health & Family Welfare,Ayushman Bharat - Pradhan Mantri Jan Arogya Yojana,PMJAY,Centrally Sponsored (60:40),State Nodal Agency,111.15,59.11,49.35,83.49,458,354.0,324,259.0,Delayed,Beneficiary list under revision,Meera Das - District Collector Office - meera.das@nic.in
GFU00875,2023-24,2022-12-27,Bihar, Darbhanga,Ministry of Jal Shakti,Jal Jeevan Mission,JJM,Centrally Sponsored (90:10),State Nodal Agency,412.3,275.55,150.35,54.56,80,31.0,1464,563.0,Ongoing,Delay due to - land acquisition dispute,Sunita Singh - District Programme Coordinator - sunita.singh@nic.in
